2026-08-22 08:50:43 [INFO] [RESULTADOS-ALL] 🔍 RASPANDO WEB [5997]: SUB-09 FEM (26/39)
2026-08-22 08:50:53 [INFO] [cbtm_carregar_resultados.py] Match [5997]: (Agendado) MARIA  MENDES vs SABRINA  MIZVA
2026-08-22 08:50:53 [INFO] [cbtm_carregar_resultados.py] Match [5997]: (Agendado) MARIA  MENDES vs SABRINA  MIZVA
2026-08-22 08:50:53 [INFO] [cbtm_carregar_resultados.py] Match [5997]: (Agendado) MARIA  MENDES vs RENATA  TSUKADA
2026-08-22 08:50:53 [INFO] [cbtm_carregar_resultados.py] Match [5997]: (Agendado) MARIA  MENDES vs RENATA  TSUKADA
2026-08-22 08:50:53 [INFO] [cbtm_carregar_resultados.py] Match [5997]: (Agendado) MARIA  MENDES vs MARIA  ALVES
2026-08-22 08:50:53 [INFO] [cbtm_carregar_resultados.py] Match [5997]: (Agendado) MARIA  MENDES vs MARIA  ALVES
2026-08-22 08:50:58 [INFO] [cbtm_carregar_resultados.py] RASPANDO WEB [5997]: ABSOLUTO D MAS (2/15)
2026-08-22 08:50:58 [INFO] [cbtm_carregar_resultados.py] RASPANDO WEB [5997]: ABSOLUTO D MAS (2/15)
2026-08-22 08:50:59 [INFO] [RESULTADOS-ALL]   • Match [5997]: (Agendado) MELISSA  JERONIMO vs JASMIM  BLANCO
2026-08-22 08:50:59 [INFO] [RESULTADOS-ALL]   • Match [5997]: (Agendado) LAURA  OLIVEIRA vs CORA  BLANCO
2026-08-22 08:50:59 [INFO] [RESULTADOS-ALL]   • Match [5997]: (Agendado) GIOVANA  OUBA vs SOFIA  MATSUMURA
2026-08-22 08:50:59 [INFO] [RESULTADOS-ALL]   • Match [5997]: (Agendado) ELLOAH  MUZER vs JASMIM  BLANCO
2026-08-22 08:50:59 [INFO] [RESULTADOS-ALL]   • Match [5997]: (Agendado) LAURA  OLIVEIRA vs SOFIA  MATSUMURA
2026-08-22 08:50:59 [INFO] [RESULTADOS-ALL]   • Match [5997]: (Agendado) GIOVANA  OUBA vs CORA  BLANCO
2026-08-22 08:50:59 [INFO] [RESULTADOS-ALL]   • Match [5997]: (Agendado) MELISSA  JERONIMO vs ELLOAH  MUZER
2026-08-22 08:50:59 [INFO] [RESULTADOS-ALL]   • Match [5997]: (Agendado) SOFIA  MATSUMURA vs CORA  BLANCO
2026-08-22 08:50:59 [INFO] [RESULTADOS-ALL]   • Match [5997]: (Agendado) LAURA  OLIVEIRA vs GIOVANA  OUBA
2026-08-22 08:50:59 [INFO] [RESULTADOS-ALL]   • Match [5997]: (Agendado) 1-1 vs 2-2
2026-08-22 08:50:59 [INFO] [RESULTADOS-ALL]   • Match [5997]: (Agendado) 2-1 vs 1-2
2026-08-22 08:50:59 [INFO] [RESULTADOS-ALL]   • Match [5997]: (Agendado) V10 vs V11
2026-08-22 08:51:04 [INFO] [RESULTADOS-ALL] 🔍 RASPANDO WEB [5997]: SUB-09 MAS (27/39)
2026-08-22 08:51:17 [INFO] [cbtm_carregar_resultados.py] Match [5997]: (Agendado) ALAN  GONÇALVES vs MATHEUS  GOMES
2026-08-22 08:51:17 [INFO] [cbtm_carregar_resultados.py] Match [5997]: (Agendado) ALAN  GONÇALVES vs MATHEUS  GOMES
2026-08-22 08:51:17 [INFO] [cbtm_carregar_resultados.py] Match [5997]: (Agendado) ALAN  GONÇALVES vs GABRIEL  SENNA
2026-08-22 08:51:17 [INFO] [cbtm_carregar_resultados.py] Match [5997]: (Agendado) ALAN  GONÇALVES vs GABRIEL  SENNA
2026-08-22 08:51:21 [INFO] [RESULTADOS-ALL]   • Match [5997]: (Agendado) GABRIEL  NARDI vs JOAQUIM  PRADO
2026-08-22 08:51:21 [INFO] [RESULTADOS-ALL]   • Match [5997]: (Agendado) ALEXANDRE  GLIZT vs ARTHUR  LIMA
2026-08-22 08:51:21 [INFO] [RESULTADOS-ALL]   • Match [5997]: (Agendado) MARTIM  AMARAL vs DANIEL  MELO
2026-08-22 08:51:21 [INFO] [RESULTADOS-ALL]   • Match [5997]: (Agendado) CRISTOFFER  VIEIRA vs MATIAS  BARBOSA
2026-08-22 08:51:21 [INFO] [RESULTADOS-ALL]   • Match [5997]: (Agendado) HEITOR  MELLO vs MIGUEL  SOUZA
2026-08-22 08:51:21 [INFO] [RESULTADOS-ALL]   • Match [5997]: (Agendado) JOAQUIM  MANTOVANI vs JOAQUIM  PRADO
2026-08-22 08:51:21 [INFO] [RESULTADOS-ALL]   • Match [5997]: (Agendado) ÍTALO  RAMIREZ vs ARTHUR  LIMA
2026-08-22 08:51:21 [INFO] [RESULTADOS-ALL]   • Match [5997]: (Agendado) HENRIQUE  ITO vs DANIEL  MELO
2026-08-22 08:51:21 [INFO] [RESULTADOS-ALL]   • Match [5997]: (Agendado) CRISTOFFER  VIEIRA vs MIGUEL  SOUZA
2026-08-22 08:51:21 [INFO] [RESULTADOS-ALL]   • Match [5997]: (Agendado) HEITOR  MELLO vs MATIAS  BARBOSA
2026-08-22 08:51:21 [INFO] [RESULTADOS-ALL]   • Match [5997]: (Agendado) GABRIEL  NARDI vs JOAQUIM  MANTOVANI
2026-08-22 08:51:21 [INFO] [RESULTADOS-ALL]   • Match [5997]: (Agendado) ALEXANDRE  GLIZT vs ÍTALO  RAMIREZ
2026-08-22 08:51:21 [INFO] [RESULTADOS-ALL]   • Match [5997]: (Agendado) MARTIM  AMARAL vs HENRIQUE  ITO
2026-08-22 08:51:21 [INFO] [RESULTADOS-ALL]   • Match [5997]: (Agendado) MIGUEL  SOUZA vs MATIAS  BARBOSA
2026-08-22 08:51:21 [INFO] [RESULTADOS-ALL]   • Match [5997]: (Agendado) CRISTOFFER  VIEIRA vs HEITOR  MELLO
2026-08-22 08:51:21 [INFO] [RESULTADOS-ALL]   • Match [5997]: (Agendado) 1-1 vs 2-2
2026-08-22 08:51:21 [INFO] [RESULTADOS-ALL]   • Match [5997]: (Agendado) 2-3 vs 1-4
2026-08-22 08:51:21 [INFO] [RESULTADOS-ALL]   • Match [5997]: (Agendado) 1-3 vs 2-4
2026-08-22 08:51:21 [INFO] [RESULTADOS-ALL]   • Match [5997]: (Agendado) 2-1 vs 1-2
2026-08-22 08:51:21 [INFO] [RESULTADOS-ALL]   • Match [5997]: (Agendado) V16 vs V17
2026-08-22 08:51:21 [INFO] [RESULTADOS-ALL]   • Match [5997]: (Agendado) V18 vs V19
2026-08-22 08:51:21 [INFO] [RESULTADOS-ALL]   • Match [5997]: (Agendado) V20 vs V21
2026-08-22 08:51:21 [INFO] [RESULTADOS-ALL] ♻️ REAPROVEITADO (BACKUP) [5997]: SUB-11 FEM -- Sem jogos agendados pendentes para hoje (22/08/2026).
2026-08-22 08:51:21 [INFO] [RESULTADOS-ALL] ♻️ REAPROVEITADO (BACKUP) [5997]: SUB-11 MAS -- Sem jogos agendados pendentes para hoje (22/08/2026).
2026-08-22 08:51:22 [INFO] [cbtm_carregar_resultados.py] RASPANDO WEB [5997]: ABSOLUTO E FEM (3/15)
2026-08-22 08:51:22 [INFO] [cbtm_carregar_resultados.py] RASPANDO WEB [5997]: ABSOLUTO E FEM (3/15)
2026-08-22 08:51:26 [INFO] [RESULTADOS-ALL] 🔍 RASPANDO WEB [5997]: SUB-13 FEM (30/39)
2026-08-22 08:51:42 [INFO] [cbtm_carregar_resultados.py] Match [5997]: (Agendado) YUMI  SOUZA vs ANA  VITO
2026-08-22 08:51:42 [INFO] [cbtm_carregar_resultados.py] Match [5997]: (Agendado) YUMI  SOUZA vs ANA  VITO
2026-08-22 08:51:42 [INFO] [cbtm_carregar_resultados.py] Match [5997]: (Agendado) ISADHORA  FERREIRA vs YUMI  SOUZA
2026-08-22 08:51:42 [INFO] [cbtm_carregar_resultados.py] Match [5997]: (Agendado) ISADHORA  FERREIRA vs YUMI  SOUZA
2026-08-22 08:51:46 [INFO] [RESULTADOS-ALL]   • Match [5997]: (Agendado) NIVIN  ABDALLAH vs MARIANA  CAMARGO
2026-08-22 08:51:46 [INFO] [RESULTADOS-ALL]   • Match [5997]: (Agendado) LAURA  SILVEIRA vs CAROLINA  ONO
2026-08-22 08:51:46 [INFO] [RESULTADOS-ALL]   • Match [5997]: (Agendado) LETÍCIA  JÚLIO vs ISADORA  RIBEIRO
2026-08-22 08:51:46 [INFO] [RESULTADOS-ALL]   • Match [5997]: (Agendado) LIVIA  DUTKO vs YASMIM  CAUNETO
2026-08-22 08:51:46 [INFO] [RESULTADOS-ALL]   • Match [5997]: (Agendado) MANUELA  DOI vs MARIANA  CAMARGO
2026-08-22 08:51:46 [INFO] [RESULTADOS-ALL]   • Match [5997]: (Agendado) REBECA  AFONSO vs CAROLINA  ONO
2026-08-22 08:51:46 [INFO] [RESULTADOS-ALL]   • Match [5997]: (Agendado) JULIA  DA SILVA vs ISADORA  RIBEIRO
2026-08-22 08:51:46 [INFO] [RESULTADOS-ALL]   • Match [5997]: (Agendado) ANA  MARQUES vs YASMIM  CAUNETO
2026-08-22 08:51:46 [INFO] [RESULTADOS-ALL]   • Match [5997]: (Agendado) NIVIN  ABDALLAH vs MANUELA  DOI
2026-08-22 08:51:46 [INFO] [RESULTADOS-ALL]   • Match [5997]: (Agendado) LAURA  SILVEIRA vs REBECA  AFONSO
2026-08-22 08:51:46 [INFO] [RESULTADOS-ALL]   • Match [5997]: (Agendado) LETÍCIA  JÚLIO vs JULIA  DA SILVA
2026-08-22 08:51:46 [INFO] [RESULTADOS-ALL]   • Match [5997]: (Agendado) LIVIA  DUTKO vs ANA  MARQUES
2026-08-22 08:51:46 [INFO] [RESULTADOS-ALL]   • Match [5997]: (Agendado) 1-1 vs 2-2
2026-08-22 08:51:46 [INFO] [RESULTADOS-ALL]   • Match [5997]: (Agendado) 1-4 vs 2-3
2026-08-22 08:51:46 [INFO] [RESULTADOS-ALL]   • Match [5997]: (Agendado) 1-3 vs 2-4
2026-08-22 08:51:46 [INFO] [RESULTADOS-ALL]   • Match [5997]: (Agendado) 1-2 vs 2-1
2026-08-22 08:51:46 [INFO] [RESULTADOS-ALL]   • Match [5997]: (Agendado) V13 vs V14
2026-08-22 08:51:46 [INFO] [RESULTADOS-ALL]   • Match [5997]: (Agendado) V15 vs V16
2026-08-22 08:51:46 [INFO] [RESULTADOS-ALL]   • Match [5997]: (Agendado) V17 vs V18
2026-08-22 08:51:47 [INFO] [cbtm_carregar_resultados.py] RASPANDO WEB [5997]: ABSOLUTO F MAS (4/15)
2026-08-22 08:51:47 [INFO] [cbtm_carregar_resultados.py] RASPANDO WEB [5997]: ABSOLUTO F MAS (4/15)
2026-08-22 08:51:51 [INFO] [RESULTADOS-ALL] 🔍 RASPANDO WEB [5997]: SUB-13 MAS (31/39)
2026-08-22 08:52:05 [INFO] [cbtm_carregar_resultados.py] Match [5997]: (Agendado) LAM  FAI vs EMANUEL  MAINGUE
2026-08-22 08:52:05 [INFO] [cbtm_carregar_resultados.py] Match [5997]: (Agendado) LAM  FAI vs EMANUEL  MAINGUE
2026-08-22 08:52:05 [INFO] [cbtm_carregar_resultados.py] Match [5997]: (Agendado) LEONARDO  RAMIREZ vs JANDI  BARBOSA
2026-08-22 08:52:05 [INFO] [cbtm_carregar_resultados.py] Match [5997]: (Agendado) LEONARDO  RAMIREZ vs JANDI  BARBOSA
2026-08-22 08:52:05 [INFO] [cbtm_carregar_resultados.py] Match [5997]: (Agendado) DANIEL  VAZ vs LEONARDO  RAMIREZ
2026-08-22 08:52:05 [INFO] [cbtm_carregar_resultados.py] Match [5997]: (Agendado) DANIEL  VAZ vs LEONARDO  RAMIREZ
2026-08-22 08:52:05 [INFO] [cbtm_carregar_resultados.py] Match [5997]: (Agendado) LAM  FAI vs ANDRÉ  WELCOFF
2026-08-22 08:52:05 [INFO] [cbtm_carregar_resultados.py] Match [5997]: (Agendado) LAM  FAI vs ANDRÉ  WELCOFF
2026-08-22 08:52:09 [INFO] [RESULTADOS-ALL]   • Match [5997]: (Agendado) GABRIEL  RODRIGUES vs SAMUEL  MATSUMOTO
2026-08-22 08:52:09 [INFO] [RESULTADOS-ALL]   • Match [5997]: (Agendado) PEDRO  TAKAYAMA vs ENZO  SCHERER
2026-08-22 08:52:09 [INFO] [RESULTADOS-ALL]   • Match [5997]: (Agendado) DAVI  MATTOS vs ARTHUR  GROSSE
2026-08-22 08:52:09 [INFO] [RESULTADOS-ALL]   • Match [5997]: (Agendado) FERNANDO  MIRANDA vs FELIPE  KANNO
2026-08-22 08:52:09 [INFO] [RESULTADOS-ALL]   • Match [5997]: (Agendado) MIGUEL  BARBOSA vs PAULO  JUNIOR
2026-08-22 08:52:09 [INFO] [RESULTADOS-ALL]   • Match [5997]: (Agendado) LUCAS  MAEDA vs GUILHERME  LUIZ
2026-08-22 08:52:09 [INFO] [RESULTADOS-ALL]   • Match [5997]: (Agendado) SAMUEL  MITSUI vs DAVI  MORAES
2026-08-22 08:52:09 [INFO] [RESULTADOS-ALL]   • Match [5997]: (Agendado) ARTHUR  KADLUBISKI vs RENATO  FILHO
2026-08-22 08:52:09 [INFO] [RESULTADOS-ALL]   • Match [5997]: (Agendado) BRIAN  MUZER vs CARLOS  ANJOS
2026-08-22 08:52:09 [INFO] [RESULTADOS-ALL]   • Match [5997]: (Agendado) FRANCISCO  LAROCA vs MIGUEL  BARBOSA
2026-08-22 08:52:09 [INFO] [RESULTADOS-ALL]   • Match [5997]: (Agendado) FELIPE  MOLOGNI vs SAMUEL  MATSUMOTO
2026-08-22 08:52:09 [INFO] [RESULTADOS-ALL]   • Match [5997]: (Agendado) THEO  MACHADO vs ENZO  SCHERER
2026-08-22 08:52:09 [INFO] [RESULTADOS-ALL]   • Match [5997]: (Agendado) ENZO  FRANÇA vs ARTHUR  GROSSE
2026-08-22 08:52:09 [INFO] [RESULTADOS-ALL]   • Match [5997]: (Agendado) HENRIQUE  KUMAGAI vs FELIPE  KANNO
2026-08-22 08:52:09 [INFO] [RESULTADOS-ALL]   • Match [5997]: (Agendado) GABRIEL  PORTES vs PAULO  JUNIOR
2026-08-22 08:52:09 [INFO] [RESULTADOS-ALL]   • Match [5997]: (Agendado) BENJAMIN  HORST vs GUILHERME  LUIZ
2026-08-22 08:52:09 [INFO] [RESULTADOS-ALL]   • Match [5997]: (Agendado) EMANUEL  TESCHE vs DAVI  MORAES
2026-08-22 08:52:09 [INFO] [RESULTADOS-ALL]   • Match [5997]: (Agendado) MANSUR  JOMAA vs RENATO  FILHO
2026-08-22 08:52:09 [INFO] [RESULTADOS-ALL]   • Match [5997]: (Agendado) BENJAMIM  REFUNDINI vs CARLOS  ANJOS
2026-08-22 08:52:09 [INFO] [RESULTADOS-ALL]   • Match [5997]: (Agendado) BERNARDO  INOUE vs MIGUEL  BARBOSA
2026-08-22 08:52:09 [INFO] [RESULTADOS-ALL]   • Match [5997]: (Agendado) GABRIEL  RODRIGUES vs FELIPE  MOLOGNI
2026-08-22 08:52:09 [INFO] [RESULTADOS-ALL]   • Match [5997]: (Agendado) PEDRO  TAKAYAMA vs THEO  MACHADO
2026-08-22 08:52:09 [INFO] [RESULTADOS-ALL]   • Match [5997]: (Agendado) DAVI  MATTOS vs ENZO  FRANÇA
2026-08-22 08:52:09 [INFO] [RESULTADOS-ALL]   • Match [5997]: (Agendado) FERNANDO  MIRANDA vs HENRIQUE  KUMAGAI
2026-08-22 08:52:09 [INFO] [RESULTADOS-ALL]   • Match [5997]: (Agendado) MIGUEL  BARBOSA vs GABRIEL  PORTES
2026-08-22 08:52:09 [INFO] [RESULTADOS-ALL]   • Match [5997]: (Agendado) LUCAS  MAEDA vs BENJAMIN  HORST
2026-08-22 08:52:09 [INFO] [RESULTADOS-ALL]   • Match [5997]: (Agendado) SAMUEL  MITSUI vs EMANUEL  TESCHE
2026-08-22 08:52:09 [INFO] [RESULTADOS-ALL]   • Match [5997]: (Agendado) ARTHUR  KADLUBISKI vs MANSUR  JOMAA
2026-08-22 08:52:09 [INFO] [RESULTADOS-ALL]   • Match [5997]: (Agendado) BRIAN  MUZER vs BENJAMIM  REFUNDINI
2026-08-22 08:52:09 [INFO] [RESULTADOS-ALL]   • Match [5997]: (Agendado) FRANCISCO  LAROCA vs BERNARDO  INOUE
2026-08-22 08:52:09 [INFO] [RESULTADOS-ALL]   • Match [5997]: (Agendado) 2-2 vs 2-6
2026-08-22 08:52:09 [INFO] [RESULTADOS-ALL]   • Match [5997]: (Agendado) 2-7 vs 2-3
2026-08-22 08:52:09 [INFO] [RESULTADOS-ALL]   • Match [5997]: (Agendado) 2-4 vs 2-8
2026-08-22 08:52:09 [INFO] [RESULTADOS-ALL]   • Match [5997]: (Agendado) 2-5 vs 2-1
2026-08-22 08:52:09 [INFO] [RESULTADOS-ALL]   • Match [5997]: (Agendado) 1-1 vs V31
2026-08-22 08:52:09 [INFO] [RESULTADOS-ALL]   • Match [5997]: (Agendado) 1-9 vs 1-8
2026-08-22 08:52:09 [INFO] [RESULTADOS-ALL]   • Match [5997]: (Agendado) 1-5 vs 2-10
2026-08-22 08:52:09 [INFO] [RESULTADOS-ALL]   • Match [5997]: (Agendado) V32 vs 1-4
2026-08-22 08:52:09 [INFO] [RESULTADOS-ALL]   • Match [5997]: (Agendado) 1-3 vs V33
2026-08-22 08:52:09 [INFO] [RESULTADOS-ALL]   • Match [5997]: (Agendado) 2-9 vs 1-6
2026-08-22 08:52:09 [INFO] [RESULTADOS-ALL]   • Match [5997]: (Agendado) 1-7 vs 1-10
2026-08-22 08:52:09 [INFO] [RESULTADOS-ALL]   • Match [5997]: (Agendado) V34 vs 1-2
2026-08-22 08:52:09 [INFO] [RESULTADOS-ALL]   • Match [5997]: (Agendado) V35 vs V36
2026-08-22 08:52:09 [INFO] [RESULTADOS-ALL]   • Match [5997]: (Agendado) V37 vs V38
2026-08-22 08:52:09 [INFO] [RESULTADOS-ALL]   • Match [5997]: (Agendado) V39 vs V40
2026-08-22 08:52:09 [INFO] [RESULTADOS-ALL]   • Match [5997]: (Agendado) V41 vs V42
2026-08-22 08:52:09 [INFO] [RESULTADOS-ALL]   • Match [5997]: (Agendado) V43 vs V44
2026-08-22 08:52:09 [INFO] [RESULTADOS-ALL]   • Match [5997]: (Agendado) V45 vs V46
2026-08-22 08:52:09 [INFO] [RESULTADOS-ALL]   • Match [5997]: (Agendado) V47 vs V48
2026-08-22 08:52:09 [INFO] [RESULTADOS-ALL] ♻️ REAPROVEITADO (BACKUP) [5997]: SUB-15 FEM -- Sem jogos agendados pendentes para hoje (22/08/2026).
2026-08-22 08:52:09 [INFO] [RESULTADOS-ALL] ♻️ REAPROVEITADO (BACKUP) [5997]: SUB-15 MAS -- Sem jogos agendados pendentes para hoje (22/08/2026).
2026-08-22 08:52:10 [INFO] [cbtm_carregar_resultados.py] RASPANDO WEB [5997]: ABSOLUTO G MAS (5/15)
2026-08-22 08:52:10 [INFO] [cbtm_carregar_resultados.py] RASPANDO WEB [5997]: ABSOLUTO G MAS (5/15)
2026-08-22 08:52:14 [INFO] [RESULTADOS-ALL] 🔍 RASPANDO WEB [5997]: SUB-17 FEM (34/39)
2026-08-22 08:52:32 [INFO] [RESULTADOS-ALL]   • Match [5997]: (Agendado) EMANUELLY  SANTOS vs ISABELA  HAAB
2026-08-22 08:52:32 [INFO] [RESULTADOS-ALL]   • Match [5997]: (Agendado) YASMIN  SÁ vs ANA  BRAGA
2026-08-22 08:52:32 [INFO] [RESULTADOS-ALL]   • Match [5997]: (Agendado) KAROLINE  GRUCHOSKI vs SOFIA  MICHALICHEM
2026-08-22 08:52:32 [INFO] [RESULTADOS-ALL]   • Match [5997]: (Agendado) LETICIA  JAREMTCHUK vs EMANUELLI  ROCHA
2026-08-22 08:52:32 [INFO] [RESULTADOS-ALL]   • Match [5997]: (Agendado) NIHAN  ABDALLAH vs ISABELA  HAAB
2026-08-22 08:52:32 [INFO] [RESULTADOS-ALL]   • Match [5997]: (Agendado) ELOAH  PRADO vs ANA  BRAGA
2026-08-22 08:52:32 [INFO] [RESULTADOS-ALL]   • Match [5997]: (Agendado) ISABELLY  RIOS vs SOFIA  MICHALICHEM
2026-08-22 08:52:32 [INFO] [RESULTADOS-ALL]   • Match [5997]: (Agendado) BIANCA  SANTOS vs EMANUELLI  ROCHA
2026-08-22 08:52:32 [INFO] [RESULTADOS-ALL]   • Match [5997]: (Agendado) EMANUELLY  SANTOS vs NIHAN  ABDALLAH
2026-08-22 08:52:32 [INFO] [RESULTADOS-ALL]   • Match [5997]: (Agendado) YASMIN  SÁ vs ELOAH  PRADO
2026-08-22 08:52:32 [INFO] [RESULTADOS-ALL]   • Match [5997]: (Agendado) KAROLINE  GRUCHOSKI vs ISABELLY  RIOS
2026-08-22 08:52:32 [INFO] [RESULTADOS-ALL]   • Match [5997]: (Agendado) LETICIA  JAREMTCHUK vs BIANCA  SANTOS
2026-08-22 08:52:32 [INFO] [RESULTADOS-ALL]   • Match [5997]: (Agendado) 1-1 vs 2-2
2026-08-22 08:52:32 [INFO] [RESULTADOS-ALL]   • Match [5997]: (Agendado) 1-4 vs 2-3
2026-08-22 08:52:32 [INFO] [RESULTADOS-ALL]   • Match [5997]: (Agendado) 1-3 vs 2-4
2026-08-22 08:52:32 [INFO] [RESULTADOS-ALL]   • Match [5997]: (Agendado) 1-2 vs 2-1
2026-08-22 08:52:32 [INFO] [RESULTADOS-ALL]   • Match [5997]: (Agendado) V13 vs V14
2026-08-22 08:52:32 [INFO] [RESULTADOS-ALL]   • Match [5997]: (Agendado) V15 vs V16
2026-08-22 08:52:32 [INFO] [RESULTADOS-ALL]   • Match [5997]: (Agendado) V17 vs V18
2026-08-22 08:52:33 [INFO] [cbtm_carregar_resultados.py] Match [5997]: (Agendado) EDGAR  JUNIOR vs DAVI  NOVAES
2026-08-22 08:52:33 [INFO] [cbtm_carregar_resultados.py] Match [5997]: (Agendado) EDGAR  JUNIOR vs DAVI  NOVAES
2026-08-22 08:52:33 [INFO] [cbtm_carregar_resultados.py] Match [5997]: (Agendado) IAN  JUNIOR vs MARLOM  SCHMITT
2026-08-22 08:52:33 [INFO] [cbtm_carregar_resultados.py] Match [5997]: (Agendado) IAN  JUNIOR vs MARLOM  SCHMITT
2026-08-22 08:52:33 [INFO] [cbtm_carregar_resultados.py] Match [5997]: (Agendado) IAN  JUNIOR vs DAVI  MARCARINI
2026-08-22 08:52:33 [INFO] [cbtm_carregar_resultados.py] Match [5997]: (Agendado) IAN  JUNIOR vs DAVI  MARCARINI
2026-08-22 08:52:33 [INFO] [cbtm_carregar_resultados.py] Match [5997]: (Agendado) EDGAR  JUNIOR vs FELIPE  RIBEIRO
2026-08-22 08:52:33 [INFO] [cbtm_carregar_resultados.py] Match [5997]: (Agendado) EDGAR  JUNIOR vs FELIPE  RIBEIRO
2026-08-22 08:52:33 [INFO] [cbtm_carregar_resultados.py] Match [5997]: (Agendado) MATHEUS  SILVEIRA vs IAN  JUNIOR
2026-08-22 08:52:33 [INFO] [cbtm_carregar_resultados.py] Match [5997]: (Agendado) MATHEUS  SILVEIRA vs IAN  JUNIOR
2026-08-22 08:52:33 [INFO] [cbtm_carregar_resultados.py] Match [5997]: (Agendado) VITOR  BARRATELLA vs 2-7
2026-08-22 08:52:33 [INFO] [cbtm_carregar_resultados.py] Match [5997]: (Agendado) VITOR  BARRATELLA vs 2-7
2026-08-22 08:52:33 [INFO] [cbtm_carregar_resultados.py] Match [5997]: (Agendado) HELENO  AMARAL vs 1-8
2026-08-22 08:52:33 [INFO] [cbtm_carregar_resultados.py] Match [5997]: (Agendado) HELENO  AMARAL vs 1-8
2026-08-22 08:52:37 [INFO] [RESULTADOS-ALL] 🔍 RASPANDO WEB [5997]: SUB-17 MAS (35/39)
2026-08-22 08:52:38 [INFO] [cbtm_carregar_resultados.py] RASPANDO WEB [5997]: MASTER 60MAS (6/15)
2026-08-22 08:52:38 [INFO] [cbtm_carregar_resultados.py] RASPANDO WEB [5997]: MASTER 60MAS (6/15)
2026-08-22 08:52:55 [INFO] [RESULTADOS-ALL]   • Match [5997]: (Agendado) GUSTAVO  AVELAR vs JOÃO  GOLEMBA
2026-08-22 08:52:55 [INFO] [RESULTADOS-ALL]   • Match [5997]: (Agendado) CAUÊ  MARTINS vs MATHEUS  NASCIMENTO
2026-08-22 08:52:55 [INFO] [RESULTADOS-ALL]   • Match [5997]: (Agendado) MATHEUS  JACUMASSO vs CAUÃ  MATHEUS
2026-08-22 08:52:55 [INFO] [RESULTADOS-ALL]   • Match [5997]: (Agendado) CAUÃ  KNACK vs OTÁVIO  IENERICH
2026-08-22 08:52:55 [INFO] [RESULTADOS-ALL]   • Match [5997]: (Agendado) FABRICIO  MARIN vs MURILO  ESSER
2026-08-22 08:52:55 [INFO] [RESULTADOS-ALL]   • Match [5997]: (Agendado) DAVI  TAKAYAMA vs DIOGO  RIVILI
2026-08-22 08:52:55 [INFO] [RESULTADOS-ALL]   • Match [5997]: (Agendado) MATHEUS  LESME vs THALES  LOPES
2026-08-22 08:52:55 [INFO] [RESULTADOS-ALL]   • Match [5997]: (Agendado) VICTOR  DIAS vs JOÃO  HAMAMOTO
2026-08-22 08:52:55 [INFO] [RESULTADOS-ALL]   • Match [5997]: (Agendado) GUILHERME  FREITAS vs JOÃO  GOLEMBA
2026-08-22 08:52:55 [INFO] [RESULTADOS-ALL]   • Match [5997]: (Agendado) PEDRO  EGASHIRA vs MATHEUS  NASCIMENTO
2026-08-22 08:52:55 [INFO] [RESULTADOS-ALL]   • Match [5997]: (Agendado) RICCARDO  MACIEL vs CAUÃ  MATHEUS
2026-08-22 08:52:55 [INFO] [RESULTADOS-ALL]   • Match [5997]: (Agendado) GUSTAVO  KANASHIRO vs OTÁVIO  IENERICH
2026-08-22 08:52:55 [INFO] [RESULTADOS-ALL]   • Match [5997]: (Agendado) FABRICIO  MARIN vs DIOGO  RIVILI
2026-08-22 08:52:55 [INFO] [RESULTADOS-ALL]   • Match [5997]: (Agendado) DAVI  TAKAYAMA vs MURILO  ESSER
2026-08-22 08:52:55 [INFO] [RESULTADOS-ALL]   • Match [5997]: (Agendado) MATHEUS  LESME vs JOÃO  HAMAMOTO
2026-08-22 08:52:55 [INFO] [RESULTADOS-ALL]   • Match [5997]: (Agendado) VICTOR  DIAS vs THALES  LOPES
2026-08-22 08:52:55 [INFO] [RESULTADOS-ALL]   • Match [5997]: (Agendado) GUSTAVO  AVELAR vs GUILHERME  FREITAS
2026-08-22 08:52:55 [INFO] [RESULTADOS-ALL]   • Match [5997]: (Agendado) CAUÊ  MARTINS vs PEDRO  EGASHIRA
2026-08-22 08:52:55 [INFO] [RESULTADOS-ALL]   • Match [5997]: (Agendado) MATHEUS  JACUMASSO vs RICCARDO  MACIEL
2026-08-22 08:52:55 [INFO] [RESULTADOS-ALL]   • Match [5997]: (Agendado) CAUÃ  KNACK vs GUSTAVO  KANASHIRO
2026-08-22 08:52:55 [INFO] [RESULTADOS-ALL]   • Match [5997]: (Agendado) FABRICIO  MARIN vs DAVI  TAKAYAMA
2026-08-22 08:52:55 [INFO] [RESULTADOS-ALL]   • Match [5997]: (Agendado) DIOGO  RIVILI vs MURILO  ESSER
2026-08-22 08:52:55 [INFO] [RESULTADOS-ALL]   • Match [5997]: (Agendado) MATHEUS  LESME vs VICTOR  DIAS
2026-08-22 08:52:55 [INFO] [RESULTADOS-ALL]   • Match [5997]: (Agendado) JOÃO  HAMAMOTO vs THALES  LOPES
2026-08-22 08:52:55 [INFO] [RESULTADOS-ALL]   • Match [5997]: (Agendado) 2-2 vs 2-6
2026-08-22 08:52:55 [INFO] [RESULTADOS-ALL]   • Match [5997]: (Agendado) 1-5 vs 2-3
2026-08-22 08:52:55 [INFO] [RESULTADOS-ALL]   • Match [5997]: (Agendado) 2-4 vs 1-6
2026-08-22 08:52:55 [INFO] [RESULTADOS-ALL]   • Match [5997]: (Agendado) 2-5 vs 2-1
2026-08-22 08:52:55 [INFO] [RESULTADOS-ALL]   • Match [5997]: (Agendado) 1-1 vs V25
2026-08-22 08:52:55 [INFO] [RESULTADOS-ALL]   • Match [5997]: (Agendado) V26 vs 1-4
2026-08-22 08:52:55 [INFO] [RESULTADOS-ALL]   • Match [5997]: (Agendado) 1-3 vs V27
2026-08-22 08:52:55 [INFO] [RESULTADOS-ALL]   • Match [5997]: (Agendado) V28 vs 1-2
2026-08-22 08:52:55 [INFO] [RESULTADOS-ALL]   • Match [5997]: (Agendado) V29 vs V30
2026-08-22 08:52:55 [INFO] [RESULTADOS-ALL]   • Match [5997]: (Agendado) V31 vs V32
2026-08-22 08:52:55 [INFO] [RESULTADOS-ALL]   • Match [5997]: (Agendado) V33 vs V34
2026-08-22 08:52:55 [INFO] [RESULTADOS-ALL] ♻️ REAPROVEITADO (BACKUP) [5997]: SUB-19 FEM -- Sem jogos agendados pendentes para hoje (22/08/2026).
2026-08-22 08:52:55 [INFO] [RESULTADOS-ALL] ♻️ REAPROVEITADO (BACKUP) [5997]: SUB-19 MAS -- Sem jogos agendados pendentes para hoje (22/08/2026).
2026-08-22 08:52:55 [INFO] [RESULTADOS-ALL] ♻️ REAPROVEITADO (BACKUP) [5997]: SUB-21 FEM -- Sem jogos agendados pendentes para hoje (22/08/2026).
2026-08-22 08:52:55 [INFO] [RESULTADOS-ALL] ♻️ REAPROVEITADO (BACKUP) [5997]: SUB-21 MAS -- Sem jogos agendados pendentes para hoje (22/08/2026).
2026-08-22 08:52:55 [INFO] [RESULTADOS-ALL] 💾 Arquivo de resultados ALL atualizado e consolidado com sucesso!
2026-08-22 08:52:57 [INFO] [upload_atmfoz.sh] ⏭️ [SKIP] Resultados sem alteracoes (MD5 e tamanho identicos). Envio cancelado.
2026-08-22 08:52:57 [INFO] [upload_atmfoz.sh] ⏭️ [SKIP] Categorias sem alteracoes (MD5 e tamanho identicos). Envio cancelado.
2026-08-22 08:52:57 [INFO] [upload_atmfoz.sh] ⏭️ [SKIP] Grupos Base sem alteracoes (MD5 e tamanho identicos). Envio cancelado.
2026-08-22 08:52:57 [INFO] [upload_atmfoz.sh] ⏭️ [SKIP] Grupos Extras sem alteracoes (MD5 e tamanho identicos). Envio cancelado.
2026-08-22 08:52:57 [INFO] [upload_atmfoz.sh] ⏭️ [SKIP] Jogos Extras sem alteracoes (MD5 e tamanho identicos). Envio cancelado.
2026-08-22 08:52:57 [INFO] [upload_atmfoz.sh] ⏭️ [SKIP] Resultados ALL sem alteracoes (MD5 e tamanho identicos). Envio cancelado.
2026-08-22 08:52:57 [INFO] [upload_atmfoz.sh] ⏭️ [SKIP] Categorias ALL sem alteracoes (MD5 e tamanho identicos). Envio cancelado.
2026-08-22 08:52:57 [INFO] [upload_atmfoz.sh] ⏭️ [SKIP] Programação de Mesas (mesas.csv) sem alteracoes (MD5 e tamanho identicos). Envio cancelado.
2026-08-22 08:52:58 [INFO] [upload_atmfoz.sh] ⏭️ [SKIP] Configuracao (config.json) sem alteracoes (MD5 e tamanho identicos). Envio cancelado.
2026-08-22 08:52:58 [INFO] [upload_atmfoz.sh] ⏭️ [SKIP] Export CSV (categorias.csv) sem alteracoes (MD5 e tamanho identicos). Envio cancelado.
2026-08-22 08:52:58 [INFO] [upload_atmfoz.sh] ⏭️ [SKIP] Export CSV (clubes.csv) sem alteracoes (MD5 e tamanho identicos). Envio cancelado.
2026-08-22 08:52:58 [INFO] [upload_atmfoz.sh] ⏭️ [SKIP] Export CSV (eficiencia.csv) sem alteracoes (MD5 e tamanho identicos). Envio cancelado.
2026-08-22 08:52:58 [INFO] [upload_atmfoz.sh] ⏭️ [SKIP] Export CSV (inscricoes.csv) sem alteracoes (MD5 e tamanho identicos). Envio cancelado.
2026-08-22 08:52:58 [INFO] [upload_atmfoz.sh] ⏭️ [SKIP] Export CSV (mesas.csv) sem alteracoes (MD5 e tamanho identicos). Envio cancelado.
2026-08-22 08:52:58 [INFO] [upload_atmfoz.sh] ⏭️ [SKIP] Export CSV (rating_simulado.csv) sem alteracoes (MD5 e tamanho identicos). Envio cancelado.
2026-08-22 08:52:58 [INFO] [upload_atmfoz.sh] ⏭️ [SKIP] Export CSV (resultado_evento.csv) sem alteracoes (MD5 e tamanho identicos). Envio cancelado.
2026-08-22 08:52:58 [INFO] [upload_atmfoz.sh] ⏭️ [SKIP] Export CSV (telegram-grupos.csv) sem alteracoes (MD5 e tamanho identicos). Envio cancelado.
2026-08-22 08:52:58 [INFO] [upload_atmfoz.sh] ⏭️ [SKIP] Export CSV (telegram-result.csv) sem alteracoes (MD5 e tamanho identicos). Envio cancelado.
2026-08-22 08:52:58 [INFO] [upload_atmfoz.sh] 📤 Alteração detectada em Log de Automacao (Invertido) (/tmp/cbtm_automacao.log). Enviando via Rclone...
2026-08-22 08:52:59 [INFO] [cbtm_carregar_resultados.py] Match [5997]: (Agendado) CLAUDIO  IURCK vs DOMINGO  FERNANDEZ
2026-08-22 08:52:59 [INFO] [cbtm_carregar_resultados.py] Match [5997]: (Agendado) CLAUDIO  IURCK vs DOMINGO  FERNANDEZ
2026-08-22 08:52:59 [INFO] [cbtm_carregar_resultados.py] Match [5997]: (Agendado) BENJAMIM  TAKATSUKI vs MARCIO  WATANABE
2026-08-22 08:52:59 [INFO] [cbtm_carregar_resultados.py] Match [5997]: (Agendado) BENJAMIM  TAKATSUKI vs MARCIO  WATANABE
2026-08-22 08:52:59 [INFO] [cbtm_carregar_resultados.py] Match [5997]: (Agendado) OLIDES  JÚNIOR vs DOMINGO  FERNANDEZ
2026-08-22 08:52:59 [INFO] [cbtm_carregar_resultados.py] Match [5997]: (Agendado) OLIDES  JÚNIOR vs DOMINGO  FERNANDEZ
2026-08-22 08:52:59 [INFO] [cbtm_carregar_resultados.py] Match [5997]: (Agendado) SÍLVIO  ALBUQUERQUE vs MARCIO  WATANABE
2026-08-22 08:52:59 [INFO] [cbtm_carregar_resultados.py] Match [5997]: (Agendado) SÍLVIO  ALBUQUERQUE vs MARCIO  WATANABE
2026-08-22 08:52:59 [INFO] [cbtm_carregar_resultados.py] Match [5997]: (Agendado) DOMINGO  FERNANDEZ vs WALTER  JUNIOR
2026-08-22 08:52:59 [INFO] [cbtm_carregar_resultados.py] Match [5997]: (Agendado) DOMINGO  FERNANDEZ vs WALTER  JUNIOR
2026-08-22 08:52:59 [INFO] [cbtm_carregar_resultados.py] Match [5997]: (Agendado) MARCIO  WATANABE vs JOSÉ  DEZIE
2026-08-22 08:52:59 [INFO] [cbtm_carregar_resultados.py] Match [5997]: (Agendado) MARCIO  WATANABE vs JOSÉ  DEZIE
2026-08-22 08:53:01 [INFO] [upload_atmfoz.sh] ✅ Log de Automacao (Invertido) enviado e controle atualizado.
2026-08-22 08:53:01 [INFO] [upload_atmfoz.sh] ✅ Ciclo de sincronizacao concluido com sucesso!
2026-08-22 08:53:04 [INFO] [cbtm_carregar_resultados.py] RASPANDO WEB [5997]: SUB-09 MAS (7/15)
2026-08-22 08:53:04 [INFO] [cbtm_carregar_resultados.py] RASPANDO WEB [5997]: SUB-09 MAS (7/15)
2026-08-22 08:53:19 [INFO] [cbtm_carregar_resultados.py] Match [5997]: (Agendado) MARTIM  AMARAL vs DANIEL  MELO
2026-08-22 08:53:19 [INFO] [cbtm_carregar_resultados.py] Match [5997]: (Agendado) MARTIM  AMARAL vs DANIEL  MELO
2026-08-22 08:53:19 [INFO] [cbtm_carregar_resultados.py] Match [5997]: (Agendado) HEITOR  MELLO vs MIGUEL  SOUZA
2026-08-22 08:53:19 [INFO] [cbtm_carregar_resultados.py] Match [5997]: (Agendado) HEITOR  MELLO vs MIGUEL  SOUZA
2026-08-22 08:53:19 [INFO] [cbtm_carregar_resultados.py] Match [5997]: (Agendado) JOAQUIM  MANTOVANI vs JOAQUIM  PRADO
2026-08-22 08:53:19 [INFO] [cbtm_carregar_resultados.py] Match [5997]: (Agendado) JOAQUIM  MANTOVANI vs JOAQUIM  PRADO
2026-08-22 08:53:19 [INFO] [cbtm_carregar_resultados.py] Match [5997]: (Agendado) ÍTALO  RAMIREZ vs ARTHUR  LIMA
2026-08-22 08:53:19 [INFO] [cbtm_carregar_resultados.py] Match [5997]: (Agendado) ÍTALO  RAMIREZ vs ARTHUR  LIMA
2026-08-22 08:53:19 [INFO] [cbtm_carregar_resultados.py] Match [5997]: (Agendado) HEITOR  MELLO vs MATIAS  BARBOSA
2026-08-22 08:53:19 [INFO] [cbtm_carregar_resultados.py] Match [5997]: (Agendado) HEITOR  MELLO vs MATIAS  BARBOSA
2026-08-22 08:53:19 [INFO] [cbtm_carregar_resultados.py] Match [5997]: (Agendado) GABRIEL  NARDI vs JOAQUIM  MANTOVANI
2026-08-22 08:53:19 [INFO] [cbtm_carregar_resultados.py] Match [5997]: (Agendado) GABRIEL  NARDI vs JOAQUIM  MANTOVANI
2026-08-22 08:53:19 [INFO] [cbtm_carregar_resultados.py] Match [5997]: (Agendado) ALEXANDRE  GLIZT vs ÍTALO  RAMIREZ
2026-08-22 08:53:19 [INFO] [cbtm_carregar_resultados.py] Match [5997]: (Agendado) ALEXANDRE  GLIZT vs ÍTALO  RAMIREZ
2026-08-22 08:53:19 [INFO] [cbtm_carregar_resultados.py] Match [5997]: (Agendado) MARTIM  AMARAL vs HENRIQUE  ITO
2026-08-22 08:53:19 [INFO] [cbtm_carregar_resultados.py] Match [5997]: (Agendado) MARTIM  AMARAL vs HENRIQUE  ITO
2026-08-22 08:53:19 [INFO] [cbtm_carregar_resultados.py] Match [5997]: (Agendado) CRISTOFFER  VIEIRA vs HEITOR  MELLO
2026-08-22 08:53:19 [INFO] [cbtm_carregar_resultados.py] Match [5997]: (Agendado) CRISTOFFER  VIEIRA vs HEITOR  MELLO
2026-08-22 08:53:19 [INFO] [cbtm_carregar_resultados.py] REAPROVEITADO (BACKUP) [5997]: SUB-11 FEM -- Apenas jogos em datas futuras.
2026-08-22 08:53:19 [INFO] [cbtm_carregar_resultados.py] REAPROVEITADO (BACKUP) [5997]: SUB-11 FEM -- Apenas jogos em datas futuras.
2026-08-22 08:53:19 [INFO] [cbtm_carregar_resultados.py] REAPROVEITADO (BACKUP) [5997]: SUB-11 MAS -- Apenas jogos em datas futuras.
2026-08-22 08:53:19 [INFO] [cbtm_carregar_resultados.py] REAPROVEITADO (BACKUP) [5997]: SUB-11 MAS -- Apenas jogos em datas futuras.
2026-08-22 08:53:24 [INFO] [cbtm_carregar_resultados.py] RASPANDO WEB [5997]: SUB-13 FEM (10/15)
2026-08-22 08:53:24 [INFO] [cbtm_carregar_resultados.py] RASPANDO WEB [5997]: SUB-13 FEM (10/15)
2026-08-22 08:53:40 [INFO] [cbtm_carregar_resultados.py] Match [5997]: (Agendado) NIVIN  ABDALLAH vs MARIANA  CAMARGO
2026-08-22 08:53:40 [INFO] [cbtm_carregar_resultados.py] Match [5997]: (Agendado) NIVIN  ABDALLAH vs MARIANA  CAMARGO
2026-08-22 08:53:40 [INFO] [cbtm_carregar_resultados.py] Match [5997]: (Agendado) NIVIN  ABDALLAH vs MANUELA  DOI
2026-08-22 08:53:40 [INFO] [cbtm_carregar_resultados.py] Match [5997]: (Agendado) NIVIN  ABDALLAH vs MANUELA  DOI
2026-08-22 08:53:45 [INFO] [cbtm_carregar_resultados.py] RASPANDO WEB [5997]: SUB-13 MAS (11/15)
2026-08-22 08:53:45 [INFO] [cbtm_carregar_resultados.py] RASPANDO WEB [5997]: SUB-13 MAS (11/15)
2026-08-22 08:54:02 [INFO] [cbtm_carregar_resultados.py] Match [5997]: (Agendado) MANSUR  JOMAA vs RENATO  FILHO
2026-08-22 08:54:02 [INFO] [cbtm_carregar_resultados.py] Match [5997]: (Agendado) MANSUR  JOMAA vs RENATO  FILHO
2026-08-22 08:54:02 [INFO] [cbtm_carregar_resultados.py] Match [5997]: (Agendado) ARTHUR  KADLUBISKI vs MANSUR  JOMAA
2026-08-22 08:54:02 [INFO] [cbtm_carregar_resultados.py] Match [5997]: (Agendado) ARTHUR  KADLUBISKI vs MANSUR  JOMAA
2026-08-22 08:54:02 [INFO] [cbtm_carregar_resultados.py] REAPROVEITADO (BACKUP) [5997]: SUB-15 FEM -- Apenas jogos em datas futuras.
2026-08-22 08:54:02 [INFO] [cbtm_carregar_resultados.py] REAPROVEITADO (BACKUP) [5997]: SUB-15 FEM -- Apenas jogos em datas futuras.
2026-08-22 08:54:07 [INFO] [cbtm_carregar_resultados.py] RASPANDO WEB [5997]: SUB-17 FEM (13/15)
2026-08-22 08:54:07 [INFO] [cbtm_carregar_resultados.py] RASPANDO WEB [5997]: SUB-17 FEM (13/15)
2026-08-22 08:54:22 [INFO] [cbtm_carregar_resultados.py] Match [5997]: (Agendado) YASMIN  SÁ vs ANA  BRAGA
2026-08-22 08:54:22 [INFO] [cbtm_carregar_resultados.py] Match [5997]: (Agendado) YASMIN  SÁ vs ANA  BRAGA
2026-08-22 08:54:22 [INFO] [cbtm_carregar_resultados.py] Match [5997]: (Agendado) NIHAN  ABDALLAH vs ISABELA  HAAB
2026-08-22 08:54:22 [INFO] [cbtm_carregar_resultados.py] Match [5997]: (Agendado) NIHAN  ABDALLAH vs ISABELA  HAAB
2026-08-22 08:54:22 [INFO] [cbtm_carregar_resultados.py] Match [5997]: (Agendado) EMANUELLY  SANTOS vs NIHAN  ABDALLAH
2026-08-22 08:54:22 [INFO] [cbtm_carregar_resultados.py] Match [5997]: (Agendado) EMANUELLY  SANTOS vs NIHAN  ABDALLAH
2026-08-22 08:54:22 [INFO] [cbtm_carregar_resultados.py] Match [5997]: (Agendado) YASMIN  SÁ vs ELOAH  PRADO
2026-08-22 08:54:22 [INFO] [cbtm_carregar_resultados.py] Match [5997]: (Agendado) YASMIN  SÁ vs ELOAH  PRADO
2026-08-22 08:54:27 [INFO] [cbtm_carregar_resultados.py] RASPANDO WEB [5997]: SUB-17 MAS (14/15)
2026-08-22 08:54:27 [INFO] [cbtm_carregar_resultados.py] RASPANDO WEB [5997]: SUB-17 MAS (14/15)
2026-08-22 08:54:43 [INFO] [cbtm_carregar_resultados.py] Match [5997]: (Agendado) CAUÃ  KNACK vs OTÁVIO  IENERICH
2026-08-22 08:54:43 [INFO] [cbtm_carregar_resultados.py] Match [5997]: (Agendado) CAUÃ  KNACK vs OTÁVIO  IENERICH
2026-08-22 08:54:43 [INFO] [cbtm_carregar_resultados.py] Match [5997]: (Agendado) RICCARDO  MACIEL vs CAUÃ  MATHEUS
2026-08-22 08:54:43 [INFO] [cbtm_carregar_resultados.py] Match [5997]: (Agendado) RICCARDO  MACIEL vs CAUÃ  MATHEUS
2026-08-22 08:54:43 [INFO] [cbtm_carregar_resultados.py] Match [5997]: (Agendado) MATHEUS  JACUMASSO vs RICCARDO  MACIEL
2026-08-22 08:54:43 [INFO] [cbtm_carregar_resultados.py] Match [5997]: (Agendado) MATHEUS  JACUMASSO vs RICCARDO  MACIEL
2026-08-22 08:54:43 [INFO] [cbtm_carregar_resultados.py] Match [5997]: (Agendado) CAUÃ  KNACK vs GUSTAVO  KANASHIRO
2026-08-22 08:54:43 [INFO] [cbtm_carregar_resultados.py] Match [5997]: (Agendado) CAUÃ  KNACK vs GUSTAVO  KANASHIRO
2026-08-22 08:54:43 [INFO] [cbtm_carregar_resultados.py] REAPROVEITADO (BACKUP) [5997]: SUB-19 MAS -- Apenas jogos em datas futuras.
2026-08-22 08:54:43 [INFO] [cbtm_carregar_resultados.py] REAPROVEITADO (BACKUP) [5997]: SUB-19 MAS -- Apenas jogos em datas futuras.
2026-08-22 08:54:43 [INFO] [cbtm_carregar_resultados.py] Arquivo de resultados atualizado e consolidado com sucesso!
2026-08-22 08:54:43 [INFO] [cbtm_carregar_resultados.py] Arquivo de resultados atualizado e consolidado com sucesso!
2026-08-22 08:54:45 [INFO] [4_cbtm_resultados.sh] Raspagem e ciclo de resultados finalizados com sucesso.
2026-08-22 08:54:45 [INFO] [agenda_crontab.sh] ✅ Passo 1 concluido com sucesso.
2026-08-22 08:54:45 [INFO] [agenda_crontab.sh] ▶️ [2/7] Executando busca de dependencias extras (/home/emersonb/python/5_cbtm_extras.sh)...
2026-08-22 08:54:45 [INFO] Iniciando resolução de dependências extras (grupos e jogos)...
2026-08-22 08:54:46 [INFO] [EXTRAS] Carregando resultados a partir de: /home/emersonb/python/export/cbtm_resultados.json
2026-08-22 08:54:46 [INFO] [EXTRAS] Carregando resultados a partir de: /home/emersonb/python/export/cbtm_resultados.json
2026-08-22 08:54:46 [INFO] [EXTRAS] Pendências identificadas: 2 grupo(s), 0 jogo(s).
2026-08-22 08:54:46 [INFO] [EXTRAS] Pendências identificadas: 2 grupo(s), 0 jogo(s).
2026-08-22 08:54:46 [INFO] [EXTRAS] 🌐 Buscando Grupo 7 em [ABSOLUTO G MAS] (Evento ID 5997)...
2026-08-22 08:54:46 [INFO] [EXTRAS] 🌐 Buscando Grupo 7 em [ABSOLUTO G MAS] (Evento ID 5997)...
2026-08-22 08:54:46 [INFO] [EXTRAS] Inicializando Chrome Headless...
2026-08-22 08:54:46 [INFO] [EXTRAS] Inicializando Chrome Headless...
2026-08-22 08:54:47 [INFO] [EXTRAS] patching driver executable /home/emersonb/.local/share/undetected_chromedriver/undetected_chromedriver
2026-08-22 08:54:47 [INFO] [EXTRAS] patching driver executable /home/emersonb/.local/share/undetected_chromedriver/undetected_chromedriver
2026-08-22 08:54:51 [INFO] [EXTRAS] Navegando para: https://app.cbtm.org.br/IUI/App/Evento?tab=1&EVE_Evento_ID=5997
2026-08-22 08:54:51 [INFO] [EXTRAS] Navegando para: https://app.cbtm.org.br/IUI/App/Evento?tab=1&EVE_Evento_ID=5997
2026-08-22 08:55:22 [INFO] [EXTRAS] 🌐 Buscando Grupo 8 em [ABSOLUTO G MAS] (Evento ID 5997)...
2026-08-22 08:55:22 [INFO] [EXTRAS] 🌐 Buscando Grupo 8 em [ABSOLUTO G MAS] (Evento ID 5997)...
2026-08-22 08:55:35 [INFO] [EXTRAS] 📁 Grupos Extras concatenados com sucesso em: /home/emersonb/python/export/cbtm_grupos_extras.json
2026-08-22 08:55:35 [INFO] [EXTRAS] 📁 Grupos Extras concatenados com sucesso em: /home/emersonb/python/export/cbtm_grupos_extras.json
2026-08-22 08:55:35 [INFO] [EXTRAS] 📁 Jogos Extras salvos em: /home/emersonb/python/export/cbtm_jogos_extras.json
2026-08-22 08:55:35 [INFO] [EXTRAS] 📁 Jogos Extras salvos em: /home/emersonb/python/export/cbtm_jogos_extras.json
2026-08-22 08:55:36 [INFO] Processo de busca de extras finalizado. Trava liberada.
2026-08-22 08:55:36 [INFO] [agenda_crontab.sh] ✅ Passo 2 concluido com sucesso.
2026-08-22 08:55:36 [INFO] [agenda_crontab.sh] ▶️ [3/7] Executando processamento Telegram local (/home/emersonb/python/7_cbtm_telegram_processa.sh)...
2026-08-22 08:55:36 [INFO] [cbtm_telegram-processa.sh] Iniciando processamento de arquivos locais (cbtm_telegram-processa.py)...
[INFO] Iniciando processamento de arquivos locais...
--- [1/5] Gerando Resultados Consolidados (show-all) ---
[INFO] Backup CSV criado em: /home/emersonb/python/export/telegram-result.csv.bkp
[INFO] Arquivo CSV gerado com sucesso em '/home/emersonb/python/export/telegram-result.csv'.
--- [2/5] Gerando Grupos Consolidados (show-grupos) ---
[INFO] Backup do CSV de grupos criado em: '/home/emersonb/python/export/telegram-grupos.csv.bkp'.
[INFO] Arquivo CSV de grupos gerado com sucesso em '/home/emersonb/python/export/telegram-grupos.csv'.
--- [3/5] Gerando Diferenças de Grupos (show-diff-grupos) ---
[INFO] Arquivo de diferenças de grupos CSV gerado com sucesso em '/home/emersonb/python/export/telegram-grupos.csv.diff'.
--- [4/5] Gerando Diferenças de Resultados (show-diff) ---
[INFO] Arquivo de diferenças CSV gerado com sucesso em '/home/emersonb/python/export/telegram-result.csv.diff'.
--- [5/5] Gerando Programação Pendente (show-prog) ---
[INFO] Arquivo CSV de jogos pendentes gerado em '/home/emersonb/python/export/telegram-result.csv.prog'.
[INFO] Processamento de arquivos locais concluído com sucesso!
2026-08-22 08:55:36 [INFO] [cbtm_telegram-processa.sh] Processamento de arquivos locais concluido com sucesso!
2026-08-22 08:55:36 [INFO] [agenda_crontab.sh] ✅ Passo 3 concluido com sucesso.
2026-08-22 08:55:36 [INFO] [agenda_crontab.sh] ▶️ [4/7] Executando disparo de notificacoes Telegram (/home/emersonb/python/8_cbtm_telegram_envia.sh)...
2026-08-22 08:55:36 [INFO] [8_cbtm_telegram_envia.sh] ⏭️ [SKIP] Execucao desativada no config.json ('telegram_enviar_atualizacao' != 1). Encerrando.
2026-08-22 08:55:36 [INFO] [agenda_crontab.sh] ✅ Passo 4 concluido com sucesso.
2026-08-22 08:55:36 [INFO] [agenda_crontab.sh] ▶️ [5/7] Executando atualizacao de rating (/home/emersonb/python/9_cbtm_rating.sh)...
[INFO] Executando cbtm_estimar_rating.py...
[INFO] cbtm_estimar_rating.py executado com sucesso.
2026-08-22 08:55:36 [INFO] [agenda_crontab.sh] ✅ Passo 5 concluido com sucesso.
2026-08-22 08:55:36 [INFO] [agenda_crontab.sh] ▶️ [6/7] Executando upload para o portal ATMFOZ (/home/emersonb/python/6_cbtm_upload_atmfoz.sh)...
2026-08-22 08:55:36 [INFO] [upload_atmfoz.sh] ⏭️ [SKIP] Resultados sem alteracoes (MD5 e tamanho identicos). Envio cancelado.
2026-08-22 08:55:36 [INFO] [upload_atmfoz.sh] ⏭️ [SKIP] Categorias sem alteracoes (MD5 e tamanho identicos). Envio cancelado.
2026-08-22 08:55:36 [INFO] [upload_atmfoz.sh] ⏭️ [SKIP] Grupos Base sem alteracoes (MD5 e tamanho identicos). Envio cancelado.
2026-08-22 08:55:36 [INFO] [upload_atmfoz.sh] ⏭️ [SKIP] Grupos Extras sem alteracoes (MD5 e tamanho identicos). Envio cancelado.
2026-08-22 08:55:36 [INFO] [upload_atmfoz.sh] ⏭️ [SKIP] Jogos Extras sem alteracoes (MD5 e tamanho identicos). Envio cancelado.
2026-08-22 08:55:36 [INFO] [upload_atmfoz.sh] ⏭️ [SKIP] Resultados ALL sem alteracoes (MD5 e tamanho identicos). Envio cancelado.
2026-08-22 08:55:36 [INFO] [upload_atmfoz.sh] ⏭️ [SKIP] Categorias ALL sem alteracoes (MD5 e tamanho identicos). Envio cancelado.
2026-08-22 08:55:36 [INFO] [upload_atmfoz.sh] ⏭️ [SKIP] Programação de Mesas (mesas.csv) sem alteracoes (MD5 e tamanho identicos). Envio cancelado.
2026-08-22 08:55:36 [INFO] [upload_atmfoz.sh] ⏭️ [SKIP] Configuracao (config.json) sem alteracoes (MD5 e tamanho identicos). Envio cancelado.
2026-08-22 08:55:37 [INFO] [upload_atmfoz.sh] ⏭️ [SKIP] Export CSV (categorias.csv) sem alteracoes (MD5 e tamanho identicos). Envio cancelado.
2026-08-22 08:55:37 [INFO] [upload_atmfoz.sh] ⏭️ [SKIP] Export CSV (clubes.csv) sem alteracoes (MD5 e tamanho identicos). Envio cancelado.
2026-08-22 08:55:37 [INFO] [upload_atmfoz.sh] ⏭️ [SKIP] Export CSV (eficiencia.csv) sem alteracoes (MD5 e tamanho identicos). Envio cancelado.
2026-08-22 08:55:37 [INFO] [upload_atmfoz.sh] ⏭️ [SKIP] Export CSV (inscricoes.csv) sem alteracoes (MD5 e tamanho identicos). Envio cancelado.
2026-08-22 08:55:37 [INFO] [upload_atmfoz.sh] ⏭️ [SKIP] Export CSV (mesas.csv) sem alteracoes (MD5 e tamanho identicos). Envio cancelado.
2026-08-22 08:55:37 [INFO] [upload_atmfoz.sh] ⏭️ [SKIP] Export CSV (rating_simulado.csv) sem alteracoes (MD5 e tamanho identicos). Envio cancelado.
2026-08-22 08:55:37 [INFO] [upload_atmfoz.sh] ⏭️ [SKIP] Export CSV (resultado_evento.csv) sem alteracoes (MD5 e tamanho identicos). Envio cancelado.
2026-08-22 08:55:37 [INFO] [upload_atmfoz.sh] ⏭️ [SKIP] Export CSV (telegram-grupos.csv) sem alteracoes (MD5 e tamanho identicos). Envio cancelado.
2026-08-22 08:55:37 [INFO] [upload_atmfoz.sh] ⏭️ [SKIP] Export CSV (telegram-result.csv) sem alteracoes (MD5 e tamanho identicos). Envio cancelado.
2026-08-22 08:55:37 [INFO] [upload_atmfoz.sh] 📤 Alteração detectada em Log de Automacao (Invertido) (/tmp/cbtm_automacao.log). Enviando via Rclone...
2026-08-22 08:55:40 [INFO] [upload_atmfoz.sh] ✅ Log de Automacao (Invertido) enviado e controle atualizado.
2026-08-22 08:55:40 [INFO] [upload_atmfoz.sh] ✅ Ciclo de sincronizacao concluido com sucesso!
2026-08-22 08:55:40 [INFO] [agenda_crontab.sh] ✅ Passo 6 concluido com sucesso.
2026-08-22 08:55:40 [INFO] [agenda_crontab.sh] ▶️ [7/7] Executando sincronizacao GitHub export (/home/emersonb/python/6_github-export.sh)...
-------------------------------------------------------------------------
📋 Preparando arquivos para exportação...
📄 Extraindo as últimas 1000 linhas de /home/emersonb/python/cbtm_automacao.log...
⚙️ Copiando config.json...
[1/2] Criando commit...
[main 8e9321a] Sincronização e limpeza de arquivos remotos em 2026-08-22 08:55:40
 2 files changed, 783 insertions(+), 783 deletions(-)
[2/2] Enviando para o GitHub (push)...
To https://github.com/barratella/cbtmexport.git
   1b1491b..8e9321a  main -> main
branch 'main' set up to track 'origin/main'.
-------------------------------------------------------------------------
✅ Concluído: Arquivos indesejados removidos do GitHub e mantidos na VPS!
-------------------------------------------------------------------------
2026-08-22 08:55:41 [INFO] [agenda_crontab.sh] ✅ Passo 7 concluido com sucesso.
2026-08-22 08:55:41 [INFO] [agenda_crontab.sh] 🏁 Toda a sequencia foi executada e concluida perfeitamente.
2026-08-22 08:55:41 [INFO] [agenda_crontab.sh] ==================================================
2026-08-22 09:00:01 [INFO] [agenda_crontab.sh] ==================================================
2026-08-22 09:00:01 [INFO] [agenda_crontab.sh] 🚀 Iniciando sequencia automatizada via agenda_crontab.sh...
2026-08-22 09:00:01 [INFO] [agenda_crontab.sh] ▶️ [1/7] Executando raspagem de resultados (/home/emersonb/python/4_cbtm_resultados.sh)...
2026-08-22 09:00:01 [INFO] [4_cbtm_resultados.sh] Criando copia de seguranca preventiva de /home/emersonb/python/export/cbtm_resultados.json para /home/emersonb/python/export/cbtm_resultados.json.bkp
2026-08-22 09:00:01 [INFO] [4_cbtm_resultados.sh] Iniciando raspagem de resultados...
2026-08-22 09:00:04 [INFO] [cbtm_carregar_resultados.py] Configuracoes carregadas. PID: 610766
2026-08-22 09:00:04 [INFO] [cbtm_carregar_resultados.py] Configuracoes carregadas. PID: 610766
2026-08-22 09:00:04 [INFO] [cbtm_carregar_resultados.py] Arquivo de backup encontrado em disco.
2026-08-22 09:00:04 [INFO] [cbtm_carregar_resultados.py] Arquivo de backup encontrado em disco.
2026-08-22 09:00:04 [INFO] [cbtm_carregar_resultados.py] Cache dentro da validade. Ultima execucao completa ha 0.7h.
2026-08-22 09:00:04 [INFO] [cbtm_carregar_resultados.py] Cache dentro da validade. Ultima execucao completa ha 0.7h.
2026-08-22 09:00:04 [INFO] [cbtm_carregar_resultados.py] 🏆 Processando Evento ID 5997 (15 categoria(s))...
2026-08-22 09:00:04 [INFO] [cbtm_carregar_resultados.py] 🏆 Processando Evento ID 5997 (15 categoria(s))...
2026-08-22 09:00:04 [INFO] [cbtm_carregar_resultados.py] Inicializando Chrome Headless sob demanda...
2026-08-22 09:00:04 [INFO] [cbtm_carregar_resultados.py] Inicializando Chrome Headless sob demanda...
2026-08-22 09:00:06 [INFO] [cbtm_carregar_resultados.py] patching driver executable /home/emersonb/.local/share/undetected_chromedriver/undetected_chromedriver
2026-08-22 09:00:06 [INFO] [cbtm_carregar_resultados.py] patching driver executable /home/emersonb/.local/share/undetected_chromedriver/undetected_chromedriver
2026-08-22 09:00:18 [INFO] [cbtm_carregar_resultados.py] Navegando para o Evento: https://app.cbtm.org.br/IUI/App/Evento?tab=2&EVE_Evento_ID=5997
2026-08-22 09:00:18 [INFO] [cbtm_carregar_resultados.py] Navegando para o Evento: https://app.cbtm.org.br/IUI/App/Evento?tab=2&EVE_Evento_ID=5997
2026-08-22 09:00:37 [INFO] [cbtm_carregar_resultados.py] RASPANDO WEB [5997]: ABSOLUTO A FEM (1/15)
2026-08-22 09:00:37 [INFO] [cbtm_carregar_resultados.py] RASPANDO WEB [5997]: ABSOLUTO A FEM (1/15)
2026-08-22 09:00:55 [INFO] [cbtm_carregar_resultados.py] Match [5997]: (Agendado) MARIA  MENDES vs SABRINA  MIZVA
2026-08-22 09:00:55 [INFO] [cbtm_carregar_resultados.py] Match [5997]: (Agendado) MARIA  MENDES vs SABRINA  MIZVA
2026-08-22 09:00:55 [INFO] [cbtm_carregar_resultados.py] Match [5997]: (Agendado) MARIA  MENDES vs RENATA  TSUKADA
2026-08-22 09:00:55 [INFO] [cbtm_carregar_resultados.py] Match [5997]: (Agendado) MARIA  MENDES vs RENATA  TSUKADA
2026-08-22 09:00:55 [INFO] [cbtm_carregar_resultados.py] Match [5997]: (Agendado) MARIA  MENDES vs MARIA  ALVES
2026-08-22 09:00:55 [INFO] [cbtm_carregar_resultados.py] Match [5997]: (Agendado) MARIA  MENDES vs MARIA  ALVES
2026-08-22 09:01:00 [INFO] [cbtm_carregar_resultados.py] RASPANDO WEB [5997]: ABSOLUTO D MAS (2/15)
2026-08-22 09:01:00 [INFO] [cbtm_carregar_resultados.py] RASPANDO WEB [5997]: ABSOLUTO D MAS (2/15)
2026-08-22 09:01:20 [INFO] [cbtm_carregar_resultados.py] Match [5997]: (Agendado) ALAN  GONÇALVES vs MATHEUS  GOMES
2026-08-22 09:01:20 [INFO] [cbtm_carregar_resultados.py] Match [5997]: (Agendado) ALAN  GONÇALVES vs MATHEUS  GOMES
2026-08-22 09:01:20 [INFO] [cbtm_carregar_resultados.py] Match [5997]: (Agendado) ALAN  GONÇALVES vs GABRIEL  SENNA
2026-08-22 09:01:20 [INFO] [cbtm_carregar_resultados.py] Match [5997]: (Agendado) ALAN  GONÇALVES vs GABRIEL  SENNA
2026-08-22 09:01:25 [INFO] [cbtm_carregar_resultados.py] RASPANDO WEB [5997]: ABSOLUTO E FEM (3/15)
2026-08-22 09:01:25 [INFO] [cbtm_carregar_resultados.py] RASPANDO WEB [5997]: ABSOLUTO E FEM (3/15)
2026-08-22 09:01:44 [INFO] [cbtm_carregar_resultados.py] Match [5997]: (Agendado) YUMI  SOUZA vs ANA  VITO
2026-08-22 09:01:44 [INFO] [cbtm_carregar_resultados.py] Match [5997]: (Agendado) YUMI  SOUZA vs ANA  VITO
2026-08-22 09:01:44 [INFO] [cbtm_carregar_resultados.py] Match [5997]: (Agendado) ISADHORA  FERREIRA vs YUMI  SOUZA
2026-08-22 09:01:44 [INFO] [cbtm_carregar_resultados.py] Match [5997]: (Agendado) ISADHORA  FERREIRA vs YUMI  SOUZA
2026-08-22 09:01:49 [INFO] [cbtm_carregar_resultados.py] RASPANDO WEB [5997]: ABSOLUTO F MAS (4/15)
2026-08-22 09:01:49 [INFO] [cbtm_carregar_resultados.py] RASPANDO WEB [5997]: ABSOLUTO F MAS (4/15)
2026-08-22 09:02:08 [INFO] [cbtm_carregar_resultados.py] Match [5997]: (Agendado) LAM  FAI vs EMANUEL  MAINGUE
2026-08-22 09:02:08 [INFO] [cbtm_carregar_resultados.py] Match [5997]: (Agendado) LAM  FAI vs EMANUEL  MAINGUE
2026-08-22 09:02:08 [INFO] [cbtm_carregar_resultados.py] Match [5997]: (Agendado) LEONARDO  RAMIREZ vs JANDI  BARBOSA
2026-08-22 09:02:08 [INFO] [cbtm_carregar_resultados.py] Match [5997]: (Agendado) LEONARDO  RAMIREZ vs JANDI  BARBOSA
2026-08-22 09:02:08 [INFO] [cbtm_carregar_resultados.py] Match [5997]: (Agendado) DANIEL  VAZ vs LEONARDO  RAMIREZ
2026-08-22 09:02:08 [INFO] [cbtm_carregar_resultados.py] Match [5997]: (Agendado) DANIEL  VAZ vs LEONARDO  RAMIREZ
2026-08-22 09:02:08 [INFO] [cbtm_carregar_resultados.py] Match [5997]: (Agendado) LAM  FAI vs ANDRÉ  WELCOFF
2026-08-22 09:02:08 [INFO] [cbtm_carregar_resultados.py] Match [5997]: (Agendado) LAM  FAI vs ANDRÉ  WELCOFF
2026-08-22 09:02:13 [INFO] [cbtm_carregar_resultados.py] RASPANDO WEB [5997]: ABSOLUTO G MAS (5/15)
2026-08-22 09:02:13 [INFO] [cbtm_carregar_resultados.py] RASPANDO WEB [5997]: ABSOLUTO G MAS (5/15)
2026-08-22 09:02:33 [INFO] [cbtm_carregar_resultados.py] Match [5997]: (Agendado) EDGAR  JUNIOR vs DAVI  NOVAES
2026-08-22 09:02:33 [INFO] [cbtm_carregar_resultados.py] Match [5997]: (Agendado) EDGAR  JUNIOR vs DAVI  NOVAES
2026-08-22 09:02:33 [INFO] [cbtm_carregar_resultados.py] Match [5997]: (Agendado) IAN  JUNIOR vs MARLOM  SCHMITT
2026-08-22 09:02:33 [INFO] [cbtm_carregar_resultados.py] Match [5997]: (Agendado) IAN  JUNIOR vs MARLOM  SCHMITT
2026-08-22 09:02:33 [INFO] [cbtm_carregar_resultados.py] Match [5997]: (Agendado) IAN  JUNIOR vs DAVI  MARCARINI
2026-08-22 09:02:33 [INFO] [cbtm_carregar_resultados.py] Match [5997]: (Agendado) IAN  JUNIOR vs DAVI  MARCARINI
2026-08-22 09:02:33 [INFO] [cbtm_carregar_resultados.py] Match [5997]: (Agendado) EDGAR  JUNIOR vs FELIPE  RIBEIRO
2026-08-22 09:02:33 [INFO] [cbtm_carregar_resultados.py] Match [5997]: (Agendado) EDGAR  JUNIOR vs FELIPE  RIBEIRO
2026-08-22 09:02:33 [INFO] [cbtm_carregar_resultados.py] Match [5997]: (Agendado) MATHEUS  SILVEIRA vs IAN  JUNIOR
2026-08-22 09:02:33 [INFO] [cbtm_carregar_resultados.py] Match [5997]: (Agendado) MATHEUS  SILVEIRA vs IAN  JUNIOR
2026-08-22 09:02:33 [INFO] [cbtm_carregar_resultados.py] Match [5997]: (Agendado) VITOR  BARRATELLA vs 2-7
2026-08-22 09:02:33 [INFO] [cbtm_carregar_resultados.py] Match [5997]: (Agendado) VITOR  BARRATELLA vs 2-7
2026-08-22 09:02:33 [INFO] [cbtm_carregar_resultados.py] Match [5997]: (Agendado) HELENO  AMARAL vs 1-8
2026-08-22 09:02:33 [INFO] [cbtm_carregar_resultados.py] Match [5997]: (Agendado) HELENO  AMARAL vs 1-8
2026-08-22 09:02:38 [INFO] [cbtm_carregar_resultados.py] RASPANDO WEB [5997]: MASTER 60MAS (6/15)
2026-08-22 09:02:38 [INFO] [cbtm_carregar_resultados.py] RASPANDO WEB [5997]: MASTER 60MAS (6/15)
2026-08-22 09:02:55 [INFO] [cbtm_carregar_resultados.py] Match [5997]: (Agendado) CLAUDIO  IURCK vs DOMINGO  FERNANDEZ
2026-08-22 09:02:55 [INFO] [cbtm_carregar_resultados.py] Match [5997]: (Agendado) CLAUDIO  IURCK vs DOMINGO  FERNANDEZ
2026-08-22 09:02:55 [INFO] [cbtm_carregar_resultados.py] Match [5997]: (Agendado) BENJAMIM  TAKATSUKI vs MARCIO  WATANABE
2026-08-22 09:02:55 [INFO] [cbtm_carregar_resultados.py] Match [5997]: (Agendado) BENJAMIM  TAKATSUKI vs MARCIO  WATANABE
2026-08-22 09:02:55 [INFO] [cbtm_carregar_resultados.py] Match [5997]: (Agendado) OLIDES  JÚNIOR vs DOMINGO  FERNANDEZ
2026-08-22 09:02:55 [INFO] [cbtm_carregar_resultados.py] Match [5997]: (Agendado) OLIDES  JÚNIOR vs DOMINGO  FERNANDEZ
2026-08-22 09:02:55 [INFO] [cbtm_carregar_resultados.py] Match [5997]: (Agendado) SÍLVIO  ALBUQUERQUE vs MARCIO  WATANABE
2026-08-22 09:02:55 [INFO] [cbtm_carregar_resultados.py] Match [5997]: (Agendado) SÍLVIO  ALBUQUERQUE vs MARCIO  WATANABE
2026-08-22 09:02:55 [INFO] [cbtm_carregar_resultados.py] Match [5997]: (Agendado) DOMINGO  FERNANDEZ vs WALTER  JUNIOR
2026-08-22 09:02:55 [INFO] [cbtm_carregar_resultados.py] Match [5997]: (Agendado) DOMINGO  FERNANDEZ vs WALTER  JUNIOR
2026-08-22 09:02:55 [INFO] [cbtm_carregar_resultados.py] Match [5997]: (Agendado) MARCIO  WATANABE vs JOSÉ  DEZIE
2026-08-22 09:02:55 [INFO] [cbtm_carregar_resultados.py] Match [5997]: (Agendado) MARCIO  WATANABE vs JOSÉ  DEZIE
2026-08-22 09:03:00 [INFO] [cbtm_carregar_resultados.py] RASPANDO WEB [5997]: SUB-09 MAS (7/15)
2026-08-22 09:03:00 [INFO] [cbtm_carregar_resultados.py] RASPANDO WEB [5997]: SUB-09 MAS (7/15)
2026-08-22 09:03:17 [INFO] [cbtm_carregar_resultados.py] Match [5997]: (Agendado) MARTIM  AMARAL vs DANIEL  MELO
2026-08-22 09:03:17 [INFO] [cbtm_carregar_resultados.py] Match [5997]: (Agendado) MARTIM  AMARAL vs DANIEL  MELO
2026-08-22 09:03:17 [INFO] [cbtm_carregar_resultados.py] Match [5997]: (Agendado) HEITOR  MELLO vs MIGUEL  SOUZA
2026-08-22 09:03:17 [INFO] [cbtm_carregar_resultados.py] Match [5997]: (Agendado) HEITOR  MELLO vs MIGUEL  SOUZA
2026-08-22 09:03:17 [INFO] [cbtm_carregar_resultados.py] Match [5997]: (Agendado) JOAQUIM  MANTOVANI vs JOAQUIM  PRADO
2026-08-22 09:03:17 [INFO] [cbtm_carregar_resultados.py] Match [5997]: (Agendado) JOAQUIM  MANTOVANI vs JOAQUIM  PRADO
2026-08-22 09:03:17 [INFO] [cbtm_carregar_resultados.py] Match [5997]: (Agendado) ÍTALO  RAMIREZ vs ARTHUR  LIMA
2026-08-22 09:03:17 [INFO] [cbtm_carregar_resultados.py] Match [5997]: (Agendado) ÍTALO  RAMIREZ vs ARTHUR  LIMA
2026-08-22 09:03:17 [INFO] [cbtm_carregar_resultados.py] Match [5997]: (Agendado) HEITOR  MELLO vs MATIAS  BARBOSA
2026-08-22 09:03:17 [INFO] [cbtm_carregar_resultados.py] Match [5997]: (Agendado) HEITOR  MELLO vs MATIAS  BARBOSA
2026-08-22 09:03:17 [INFO] [cbtm_carregar_resultados.py] Match [5997]: (Agendado) GABRIEL  NARDI vs JOAQUIM  MANTOVANI
2026-08-22 09:03:17 [INFO] [cbtm_carregar_resultados.py] Match [5997]: (Agendado) GABRIEL  NARDI vs JOAQUIM  MANTOVANI
2026-08-22 09:03:17 [INFO] [cbtm_carregar_resultados.py] Match [5997]: (Agendado) ALEXANDRE  GLIZT vs ÍTALO  RAMIREZ
2026-08-22 09:03:17 [INFO] [cbtm_carregar_resultados.py] Match [5997]: (Agendado) ALEXANDRE  GLIZT vs ÍTALO  RAMIREZ
2026-08-22 09:03:17 [INFO] [cbtm_carregar_resultados.py] Match [5997]: (Agendado) MARTIM  AMARAL vs HENRIQUE  ITO
2026-08-22 09:03:17 [INFO] [cbtm_carregar_resultados.py] Match [5997]: (Agendado) MARTIM  AMARAL vs HENRIQUE  ITO
2026-08-22 09:03:17 [INFO] [cbtm_carregar_resultados.py] Match [5997]: (Agendado) CRISTOFFER  VIEIRA vs HEITOR  MELLO
2026-08-22 09:03:17 [INFO] [cbtm_carregar_resultados.py] Match [5997]: (Agendado) CRISTOFFER  VIEIRA vs HEITOR  MELLO
2026-08-22 09:03:17 [INFO] [cbtm_carregar_resultados.py] REAPROVEITADO (BACKUP) [5997]: SUB-11 FEM -- Apenas jogos em datas futuras.
2026-08-22 09:03:17 [INFO] [cbtm_carregar_resultados.py] REAPROVEITADO (BACKUP) [5997]: SUB-11 FEM -- Apenas jogos em datas futuras.
2026-08-22 09:03:17 [INFO] [cbtm_carregar_resultados.py] REAPROVEITADO (BACKUP) [5997]: SUB-11 MAS -- Apenas jogos em datas futuras.
2026-08-22 09:03:17 [INFO] [cbtm_carregar_resultados.py] REAPROVEITADO (BACKUP) [5997]: SUB-11 MAS -- Apenas jogos em datas futuras.
2026-08-22 09:03:22 [INFO] [cbtm_carregar_resultados.py] RASPANDO WEB [5997]: SUB-13 FEM (10/15)
2026-08-22 09:03:22 [INFO] [cbtm_carregar_resultados.py] RASPANDO WEB [5997]: SUB-13 FEM (10/15)
2026-08-22 09:03:39 [INFO] [cbtm_carregar_resultados.py] Match [5997]: (Agendado) NIVIN  ABDALLAH vs MARIANA  CAMARGO
2026-08-22 09:03:39 [INFO] [cbtm_carregar_resultados.py] Match [5997]: (Agendado) NIVIN  ABDALLAH vs MARIANA  CAMARGO
2026-08-22 09:03:39 [INFO] [cbtm_carregar_resultados.py] Match [5997]: (Agendado) NIVIN  ABDALLAH vs MANUELA  DOI
2026-08-22 09:03:39 [INFO] [cbtm_carregar_resultados.py] Match [5997]: (Agendado) NIVIN  ABDALLAH vs MANUELA  DOI
2026-08-22 09:03:44 [INFO] [cbtm_carregar_resultados.py] RASPANDO WEB [5997]: SUB-13 MAS (11/15)
2026-08-22 09:03:44 [INFO] [cbtm_carregar_resultados.py] RASPANDO WEB [5997]: SUB-13 MAS (11/15)
2026-08-22 09:04:03 [INFO] [cbtm_carregar_resultados.py] Match [5997]: (Agendado) MANSUR  JOMAA vs RENATO  FILHO
2026-08-22 09:04:03 [INFO] [cbtm_carregar_resultados.py] Match [5997]: (Agendado) MANSUR  JOMAA vs RENATO  FILHO
2026-08-22 09:04:03 [INFO] [cbtm_carregar_resultados.py] Match [5997]: (Agendado) ARTHUR  KADLUBISKI vs MANSUR  JOMAA
2026-08-22 09:04:03 [INFO] [cbtm_carregar_resultados.py] Match [5997]: (Agendado) ARTHUR  KADLUBISKI vs MANSUR  JOMAA
2026-08-22 09:04:03 [INFO] [cbtm_carregar_resultados.py] REAPROVEITADO (BACKUP) [5997]: SUB-15 FEM -- Apenas jogos em datas futuras.
2026-08-22 09:04:03 [INFO] [cbtm_carregar_resultados.py] REAPROVEITADO (BACKUP) [5997]: SUB-15 FEM -- Apenas jogos em datas futuras.
2026-08-22 09:04:08 [INFO] [cbtm_carregar_resultados.py] RASPANDO WEB [5997]: SUB-17 FEM (13/15)
2026-08-22 09:04:08 [INFO] [cbtm_carregar_resultados.py] RASPANDO WEB [5997]: SUB-17 FEM (13/15)
2026-08-22 09:04:24 [INFO] [cbtm_carregar_resultados.py] Match [5997]: (Agendado) YASMIN  SÁ vs ANA  BRAGA
2026-08-22 09:04:24 [INFO] [cbtm_carregar_resultados.py] Match [5997]: (Agendado) YASMIN  SÁ vs ANA  BRAGA
2026-08-22 09:04:24 [INFO] [cbtm_carregar_resultados.py] Match [5997]: (Agendado) NIHAN  ABDALLAH vs ISABELA  HAAB
2026-08-22 09:04:24 [INFO] [cbtm_carregar_resultados.py] Match [5997]: (Agendado) NIHAN  ABDALLAH vs ISABELA  HAAB
2026-08-22 09:04:24 [INFO] [cbtm_carregar_resultados.py] Match [5997]: (Agendado) EMANUELLY  SANTOS vs NIHAN  ABDALLAH
2026-08-22 09:04:24 [INFO] [cbtm_carregar_resultados.py] Match [5997]: (Agendado) EMANUELLY  SANTOS vs NIHAN  ABDALLAH
2026-08-22 09:04:24 [INFO] [cbtm_carregar_resultados.py] Match [5997]: (Agendado) YASMIN  SÁ vs ELOAH  PRADO
2026-08-22 09:04:24 [INFO] [cbtm_carregar_resultados.py] Match [5997]: (Agendado) YASMIN  SÁ vs ELOAH  PRADO
2026-08-22 09:04:29 [INFO] [cbtm_carregar_resultados.py] RASPANDO WEB [5997]: SUB-17 MAS (14/15)
2026-08-22 09:04:29 [INFO] [cbtm_carregar_resultados.py] RASPANDO WEB [5997]: SUB-17 MAS (14/15)
2026-08-22 09:04:45 [INFO] [cbtm_carregar_resultados.py] Match [5997]: (Agendado) CAUÃ  KNACK vs OTÁVIO  IENERICH
2026-08-22 09:04:45 [INFO] [cbtm_carregar_resultados.py] Match [5997]: (Agendado) CAUÃ  KNACK vs OTÁVIO  IENERICH
2026-08-22 09:04:45 [INFO] [cbtm_carregar_resultados.py] Match [5997]: (Agendado) RICCARDO  MACIEL vs CAUÃ  MATHEUS
2026-08-22 09:04:45 [INFO] [cbtm_carregar_resultados.py] Match [5997]: (Agendado) RICCARDO  MACIEL vs CAUÃ  MATHEUS
2026-08-22 09:04:45 [INFO] [cbtm_carregar_resultados.py] Match [5997]: (Agendado) MATHEUS  JACUMASSO vs RICCARDO  MACIEL
2026-08-22 09:04:45 [INFO] [cbtm_carregar_resultados.py] Match [5997]: (Agendado) MATHEUS  JACUMASSO vs RICCARDO  MACIEL
2026-08-22 09:04:45 [INFO] [cbtm_carregar_resultados.py] Match [5997]: (Agendado) CAUÃ  KNACK vs GUSTAVO  KANASHIRO
2026-08-22 09:04:45 [INFO] [cbtm_carregar_resultados.py] Match [5997]: (Agendado) CAUÃ  KNACK vs GUSTAVO  KANASHIRO
2026-08-22 09:04:45 [INFO] [cbtm_carregar_resultados.py] REAPROVEITADO (BACKUP) [5997]: SUB-19 MAS -- Apenas jogos em datas futuras.
2026-08-22 09:04:45 [INFO] [cbtm_carregar_resultados.py] REAPROVEITADO (BACKUP) [5997]: SUB-19 MAS -- Apenas jogos em datas futuras.
2026-08-22 09:04:45 [INFO] [cbtm_carregar_resultados.py] Arquivo de resultados atualizado e consolidado com sucesso!
2026-08-22 09:04:45 [INFO] [cbtm_carregar_resultados.py] Arquivo de resultados atualizado e consolidado com sucesso!
2026-08-22 09:04:47 [INFO] [4_cbtm_resultados.sh] Raspagem e ciclo de resultados finalizados com sucesso.
2026-08-22 09:04:47 [INFO] [agenda_crontab.sh] ✅ Passo 1 concluido com sucesso.
2026-08-22 09:04:47 [INFO] [agenda_crontab.sh] ▶️ [2/7] Executando busca de dependencias extras (/home/emersonb/python/5_cbtm_extras.sh)...
2026-08-22 09:04:47 [INFO] Iniciando resolução de dependências extras (grupos e jogos)...
2026-08-22 09:04:47 [INFO] [EXTRAS] Carregando resultados a partir de: /home/emersonb/python/export/cbtm_resultados.json
2026-08-22 09:04:47 [INFO] [EXTRAS] Carregando resultados a partir de: /home/emersonb/python/export/cbtm_resultados.json
2026-08-22 09:04:47 [INFO] [EXTRAS] Pendências identificadas: 2 grupo(s), 0 jogo(s).
2026-08-22 09:04:47 [INFO] [EXTRAS] Pendências identificadas: 2 grupo(s), 0 jogo(s).
2026-08-22 09:04:47 [INFO] [EXTRAS] 🌐 Buscando Grupo 7 em [ABSOLUTO G MAS] (Evento ID 5997)...
2026-08-22 09:04:47 [INFO] [EXTRAS] 🌐 Buscando Grupo 7 em [ABSOLUTO G MAS] (Evento ID 5997)...
2026-08-22 09:04:47 [INFO] [EXTRAS] Inicializando Chrome Headless...
2026-08-22 09:04:47 [INFO] [EXTRAS] Inicializando Chrome Headless...
2026-08-22 09:04:48 [INFO] [EXTRAS] patching driver executable /home/emersonb/.local/share/undetected_chromedriver/undetected_chromedriver
2026-08-22 09:04:48 [INFO] [EXTRAS] patching driver executable /home/emersonb/.local/share/undetected_chromedriver/undetected_chromedriver
2026-08-22 09:04:52 [INFO] [EXTRAS] Navegando para: https://app.cbtm.org.br/IUI/App/Evento?tab=1&EVE_Evento_ID=5997
2026-08-22 09:04:52 [INFO] [EXTRAS] Navegando para: https://app.cbtm.org.br/IUI/App/Evento?tab=1&EVE_Evento_ID=5997
2026-08-22 09:05:22 [INFO] [EXTRAS] 🌐 Buscando Grupo 8 em [ABSOLUTO G MAS] (Evento ID 5997)...
2026-08-22 09:05:22 [INFO] [EXTRAS] 🌐 Buscando Grupo 8 em [ABSOLUTO G MAS] (Evento ID 5997)...
2026-08-22 09:05:35 [INFO] [EXTRAS] 📁 Grupos Extras concatenados com sucesso em: /home/emersonb/python/export/cbtm_grupos_extras.json
2026-08-22 09:05:35 [INFO] [EXTRAS] 📁 Grupos Extras concatenados com sucesso em: /home/emersonb/python/export/cbtm_grupos_extras.json
2026-08-22 09:05:35 [INFO] [EXTRAS] 📁 Jogos Extras salvos em: /home/emersonb/python/export/cbtm_jogos_extras.json
2026-08-22 09:05:35 [INFO] [EXTRAS] 📁 Jogos Extras salvos em: /home/emersonb/python/export/cbtm_jogos_extras.json
2026-08-22 09:05:37 [INFO] Processo de busca de extras finalizado. Trava liberada.
2026-08-22 09:05:37 [INFO] [agenda_crontab.sh] ✅ Passo 2 concluido com sucesso.
2026-08-22 09:05:37 [INFO] [agenda_crontab.sh] ▶️ [3/7] Executando processamento Telegram local (/home/emersonb/python/7_cbtm_telegram_processa.sh)...
2026-08-22 09:05:37 [INFO] [cbtm_telegram-processa.sh] Iniciando processamento de arquivos locais (cbtm_telegram-processa.py)...
[INFO] Iniciando processamento de arquivos locais...
--- [1/5] Gerando Resultados Consolidados (show-all) ---
[INFO] Backup CSV criado em: /home/emersonb/python/export/telegram-result.csv.bkp
[INFO] Arquivo CSV gerado com sucesso em '/home/emersonb/python/export/telegram-result.csv'.
--- [2/5] Gerando Grupos Consolidados (show-grupos) ---
[INFO] Backup do CSV de grupos criado em: '/home/emersonb/python/export/telegram-grupos.csv.bkp'.
[INFO] Arquivo CSV de grupos gerado com sucesso em '/home/emersonb/python/export/telegram-grupos.csv'.
--- [3/5] Gerando Diferenças de Grupos (show-diff-grupos) ---
[INFO] Arquivo de diferenças de grupos CSV gerado com sucesso em '/home/emersonb/python/export/telegram-grupos.csv.diff'.
--- [4/5] Gerando Diferenças de Resultados (show-diff) ---
[INFO] Arquivo de diferenças CSV gerado com sucesso em '/home/emersonb/python/export/telegram-result.csv.diff'.
--- [5/5] Gerando Programação Pendente (show-prog) ---
[INFO] Arquivo CSV de jogos pendentes gerado em '/home/emersonb/python/export/telegram-result.csv.prog'.
[INFO] Processamento de arquivos locais concluído com sucesso!
2026-08-22 09:05:37 [INFO] [cbtm_telegram-processa.sh] Processamento de arquivos locais concluido com sucesso!
2026-08-22 09:05:37 [INFO] [agenda_crontab.sh] ✅ Passo 3 concluido com sucesso.
2026-08-22 09:05:37 [INFO] [agenda_crontab.sh] ▶️ [4/7] Executando disparo de notificacoes Telegram (/home/emersonb/python/8_cbtm_telegram_envia.sh)...
2026-08-22 09:05:37 [INFO] [8_cbtm_telegram_envia.sh] ⏭️ [SKIP] Execucao desativada no config.json ('telegram_enviar_atualizacao' != 1). Encerrando.
2026-08-22 09:05:37 [INFO] [agenda_crontab.sh] ✅ Passo 4 concluido com sucesso.
2026-08-22 09:05:37 [INFO] [agenda_crontab.sh] ▶️ [5/7] Executando atualizacao de rating (/home/emersonb/python/9_cbtm_rating.sh)...
[INFO] Executando cbtm_estimar_rating.py...
[INFO] cbtm_estimar_rating.py executado com sucesso.
2026-08-22 09:05:37 [INFO] [agenda_crontab.sh] ✅ Passo 5 concluido com sucesso.
2026-08-22 09:05:37 [INFO] [agenda_crontab.sh] ▶️ [6/7] Executando upload para o portal ATMFOZ (/home/emersonb/python/6_cbtm_upload_atmfoz.sh)...
2026-08-22 09:05:37 [INFO] [upload_atmfoz.sh] ⏭️ [SKIP] Resultados sem alteracoes (MD5 e tamanho identicos). Envio cancelado.
2026-08-22 09:05:37 [INFO] [upload_atmfoz.sh] ⏭️ [SKIP] Categorias sem alteracoes (MD5 e tamanho identicos). Envio cancelado.
2026-08-22 09:05:37 [INFO] [upload_atmfoz.sh] ⏭️ [SKIP] Grupos Base sem alteracoes (MD5 e tamanho identicos). Envio cancelado.
2026-08-22 09:05:38 [INFO] [upload_atmfoz.sh] ⏭️ [SKIP] Grupos Extras sem alteracoes (MD5 e tamanho identicos). Envio cancelado.
2026-08-22 09:05:38 [INFO] [upload_atmfoz.sh] ⏭️ [SKIP] Jogos Extras sem alteracoes (MD5 e tamanho identicos). Envio cancelado.
2026-08-22 09:05:38 [INFO] [upload_atmfoz.sh] ⏭️ [SKIP] Resultados ALL sem alteracoes (MD5 e tamanho identicos). Envio cancelado.
2026-08-22 09:05:38 [INFO] [upload_atmfoz.sh] ⏭️ [SKIP] Categorias ALL sem alteracoes (MD5 e tamanho identicos). Envio cancelado.
2026-08-22 09:05:38 [INFO] [upload_atmfoz.sh] ⏭️ [SKIP] Programação de Mesas (mesas.csv) sem alteracoes (MD5 e tamanho identicos). Envio cancelado.
2026-08-22 09:05:38 [INFO] [upload_atmfoz.sh] ⏭️ [SKIP] Configuracao (config.json) sem alteracoes (MD5 e tamanho identicos). Envio cancelado.
2026-08-22 09:05:38 [INFO] [upload_atmfoz.sh] ⏭️ [SKIP] Export CSV (categorias.csv) sem alteracoes (MD5 e tamanho identicos). Envio cancelado.
2026-08-22 09:05:38 [INFO] [upload_atmfoz.sh] ⏭️ [SKIP] Export CSV (clubes.csv) sem alteracoes (MD5 e tamanho identicos). Envio cancelado.
2026-08-22 09:05:38 [INFO] [upload_atmfoz.sh] ⏭️ [SKIP] Export CSV (eficiencia.csv) sem alteracoes (MD5 e tamanho identicos). Envio cancelado.
2026-08-22 09:05:38 [INFO] [upload_atmfoz.sh] ⏭️ [SKIP] Export CSV (inscricoes.csv) sem alteracoes (MD5 e tamanho identicos). Envio cancelado.
2026-08-22 09:05:38 [INFO] [upload_atmfoz.sh] ⏭️ [SKIP] Export CSV (mesas.csv) sem alteracoes (MD5 e tamanho identicos). Envio cancelado.
2026-08-22 09:05:38 [INFO] [upload_atmfoz.sh] ⏭️ [SKIP] Export CSV (rating_simulado.csv) sem alteracoes (MD5 e tamanho identicos). Envio cancelado.
2026-08-22 09:05:38 [INFO] [upload_atmfoz.sh] ⏭️ [SKIP] Export CSV (resultado_evento.csv) sem alteracoes (MD5 e tamanho identicos). Envio cancelado.
2026-08-22 09:05:38 [INFO] [upload_atmfoz.sh] ⏭️ [SKIP] Export CSV (telegram-grupos.csv) sem alteracoes (MD5 e tamanho identicos). Envio cancelado.
2026-08-22 09:05:39 [INFO] [upload_atmfoz.sh] ⏭️ [SKIP] Export CSV (telegram-result.csv) sem alteracoes (MD5 e tamanho identicos). Envio cancelado.
2026-08-22 09:05:39 [INFO] [upload_atmfoz.sh] 📤 Alteração detectada em Log de Automacao (Invertido) (/tmp/cbtm_automacao.log). Enviando via Rclone...
2026-08-22 09:05:41 [INFO] [upload_atmfoz.sh] ✅ Log de Automacao (Invertido) enviado e controle atualizado.
2026-08-22 09:05:41 [INFO] [upload_atmfoz.sh] ✅ Ciclo de sincronizacao concluido com sucesso!
2026-08-22 09:05:41 [INFO] [agenda_crontab.sh] ✅ Passo 6 concluido com sucesso.
2026-08-22 09:05:41 [INFO] [agenda_crontab.sh] ▶️ [7/7] Executando sincronizacao GitHub export (/home/emersonb/python/6_github-export.sh)...
-------------------------------------------------------------------------
📋 Preparando arquivos para exportação...
📄 Extraindo as últimas 1000 linhas de /home/emersonb/python/cbtm_automacao.log...
⚙️ Copiando config.json...
[1/2] Criando commit...
[main a79af96] Sincronização e limpeza de arquivos remotos em 2026-08-22 09:05:41
 2 files changed, 232 insertions(+), 232 deletions(-)
[2/2] Enviando para o GitHub (push)...
To https://github.com/barratella/cbtmexport.git
   8e9321a..a79af96  main -> main
branch 'main' set up to track 'origin/main'.
-------------------------------------------------------------------------
✅ Concluído: Arquivos indesejados removidos do GitHub e mantidos na VPS!
-------------------------------------------------------------------------
2026-08-22 09:05:42 [INFO] [agenda_crontab.sh] ✅ Passo 7 concluido com sucesso.
2026-08-22 09:05:42 [INFO] [agenda_crontab.sh] 🏁 Toda a sequencia foi executada e concluida perfeitamente.
2026-08-22 09:05:42 [INFO] [agenda_crontab.sh] ==================================================
2026-08-22 09:07:03 [INFO] [cbtm_carregar_grupos.py] Iniciando raspagem de GRUPOS inteligente (com suporte a ratings negativos). PID: 612721
2026-08-22 09:07:03 [INFO] [cbtm_carregar_grupos.py] Backup carregado com sucesso de '/home/emersonb/python/export/cbtm_grupos.json.bkp' para verificação de grupos pendentes.
2026-08-22 09:07:03 [INFO] [cbtm_carregar_grupos.py] 🏆 Processando Grupos do Evento ID 5997 (15 categoria(s))...
2026-08-22 09:07:03 [INFO] [cbtm_carregar_grupos.py] Inicializando Chrome Headless para Grupos...
2026-08-22 09:07:04 [INFO] [cbtm_carregar_grupos.py] patching driver executable /home/emersonb/.local/share/undetected_chromedriver/undetected_chromedriver
2026-08-22 09:07:08 [INFO] [cbtm_carregar_grupos.py] Navegando para a Aba de Grupos: https://app.cbtm.org.br/IUI/App/Evento?tab=1&EVE_Evento_ID=5997
2026-08-22 09:07:26 [INFO] [cbtm_carregar_grupos.py] 🌐 RASPANDO GRUPOS [5997]: ABSOLUTO A FEM (1/15)
2026-08-22 09:07:44 [INFO] [cbtm_carregar_grupos.py] Grupo Mapeado [5997 - ABSOLUTO A FEM]: ABSOLUTO A FEM - Grupo 02 (4 atletas)
2026-08-22 09:07:49 [INFO] [cbtm_carregar_grupos.py] 🌐 RASPANDO GRUPOS [5997]: ABSOLUTO D MAS (2/15)
2026-08-22 09:08:04 [INFO] [cbtm_carregar_grupos.py] Grupo Mapeado [5997 - ABSOLUTO D MAS]: ABSOLUTO D MAS - Grupo 06 (3 atletas)
2026-08-22 09:08:09 [INFO] [cbtm_carregar_grupos.py] 🌐 RASPANDO GRUPOS [5997]: ABSOLUTO E FEM (3/15)
2026-08-22 09:08:26 [INFO] [cbtm_carregar_grupos.py] Grupo Mapeado [5997 - ABSOLUTO E FEM]: ABSOLUTO E FEM - Grupo 02 (3 atletas)
2026-08-22 09:08:31 [INFO] [cbtm_carregar_grupos.py] 🌐 RASPANDO GRUPOS [5997]: ABSOLUTO F MAS (4/15)
2026-08-22 09:08:47 [INFO] [cbtm_carregar_grupos.py] Grupo Mapeado [5997 - ABSOLUTO F MAS]: ABSOLUTO F MAS - Grupo 02 (3 atletas)
2026-08-22 09:08:47 [INFO] [cbtm_carregar_grupos.py] Grupo Mapeado [5997 - ABSOLUTO F MAS]: ABSOLUTO F MAS - Grupo 10 (3 atletas)
2026-08-22 09:08:52 [INFO] [cbtm_carregar_grupos.py] 🌐 RASPANDO GRUPOS [5997]: ABSOLUTO G MAS (5/15)
2026-08-22 09:09:09 [INFO] [cbtm_carregar_grupos.py] Grupo Mapeado [5997 - ABSOLUTO G MAS]: ABSOLUTO G MAS - Grupo 04 (3 atletas)
2026-08-22 09:09:09 [INFO] [cbtm_carregar_grupos.py] Grupo Mapeado [5997 - ABSOLUTO G MAS]: ABSOLUTO G MAS - Grupo 10 (4 atletas)
2026-08-22 09:09:14 [INFO] [cbtm_carregar_grupos.py] 🌐 RASPANDO GRUPOS [5997]: MASTER 60MAS (6/15)
2026-08-22 09:09:29 [INFO] [cbtm_carregar_grupos.py] Grupo Mapeado [5997 - MASTER 60MAS]: MASTER 60MAS - Grupo 02 (4 atletas)
2026-08-22 09:09:29 [INFO] [cbtm_carregar_grupos.py] Grupo Mapeado [5997 - MASTER 60MAS]: MASTER 60MAS - Grupo 03 (4 atletas)
2026-08-22 09:09:34 [INFO] [cbtm_carregar_grupos.py] 🌐 RASPANDO GRUPOS [5997]: SUB-09 MAS (7/15)
2026-08-22 09:09:49 [INFO] [cbtm_carregar_grupos.py] Grupo Mapeado [5997 - SUB-09 MAS]: SUB-09 MAS - Grupo 01 (3 atletas)
2026-08-22 09:09:49 [INFO] [cbtm_carregar_grupos.py] Grupo Mapeado [5997 - SUB-09 MAS]: SUB-09 MAS - Grupo 02 (3 atletas)
2026-08-22 09:09:49 [INFO] [cbtm_carregar_grupos.py] Grupo Mapeado [5997 - SUB-09 MAS]: SUB-09 MAS - Grupo 03 (3 atletas)
2026-08-22 09:09:49 [INFO] [cbtm_carregar_grupos.py] Grupo Mapeado [5997 - SUB-09 MAS]: SUB-09 MAS - Grupo 04 (4 atletas)
2026-08-22 09:09:54 [INFO] [cbtm_carregar_grupos.py] 🌐 RASPANDO GRUPOS [5997]: SUB-11 FEM (8/15)
2026-08-22 09:10:02 [INFO] [agenda_crontab.sh] ==================================================
2026-08-22 09:10:02 [INFO] [agenda_crontab.sh] 🚀 Iniciando sequencia automatizada via agenda_crontab.sh...
2026-08-22 09:10:02 [INFO] [agenda_crontab.sh] ▶️ [1/7] Executando raspagem de resultados (/home/emersonb/python/4_cbtm_resultados.sh)...
2026-08-22 09:10:02 [INFO] [4_cbtm_resultados.sh] Criando copia de seguranca preventiva de /home/emersonb/python/export/cbtm_resultados.json para /home/emersonb/python/export/cbtm_resultados.json.bkp
2026-08-22 09:10:02 [INFO] [4_cbtm_resultados.sh] Iniciando raspagem de resultados...
2026-08-22 09:10:07 [INFO] [cbtm_carregar_resultados.py] Configuracoes carregadas. PID: 613518
2026-08-22 09:10:07 [INFO] [cbtm_carregar_resultados.py] Configuracoes carregadas. PID: 613518
2026-08-22 09:10:07 [INFO] [cbtm_carregar_resultados.py] Arquivo de backup encontrado em disco.
2026-08-22 09:10:07 [INFO] [cbtm_carregar_resultados.py] Arquivo de backup encontrado em disco.
2026-08-22 09:10:07 [INFO] [cbtm_carregar_resultados.py] Cache dentro da validade. Ultima execucao completa ha 0.9h.
2026-08-22 09:10:07 [INFO] [cbtm_carregar_resultados.py] Cache dentro da validade. Ultima execucao completa ha 0.9h.
2026-08-22 09:10:07 [INFO] [cbtm_carregar_resultados.py] 🏆 Processando Evento ID 5997 (15 categoria(s))...
2026-08-22 09:10:07 [INFO] [cbtm_carregar_resultados.py] 🏆 Processando Evento ID 5997 (15 categoria(s))...
2026-08-22 09:10:07 [INFO] [cbtm_carregar_resultados.py] Inicializando Chrome Headless sob demanda...
2026-08-22 09:10:07 [INFO] [cbtm_carregar_resultados.py] Inicializando Chrome Headless sob demanda...
2026-08-22 09:10:07 [INFO] [cbtm_carregar_resultados.py] patching driver executable /home/emersonb/.local/share/undetected_chromedriver/undetected_chromedriver
2026-08-22 09:10:07 [INFO] [cbtm_carregar_resultados.py] patching driver executable /home/emersonb/.local/share/undetected_chromedriver/undetected_chromedriver
2026-08-22 09:10:12 [INFO] [cbtm_carregar_grupos.py] Grupo Mapeado [5997 - SUB-11 FEM]: SUB-11 FEM - Grupo 02 (4 atletas)
2026-08-22 09:10:15 [INFO] [cbtm_carregar_resultados.py] Navegando para o Evento: https://app.cbtm.org.br/IUI/App/Evento?tab=2&EVE_Evento_ID=5997
2026-08-22 09:10:15 [INFO] [cbtm_carregar_resultados.py] Navegando para o Evento: https://app.cbtm.org.br/IUI/App/Evento?tab=2&EVE_Evento_ID=5997
2026-08-22 09:10:17 [INFO] [cbtm_carregar_grupos.py] 🌐 RASPANDO GRUPOS [5997]: SUB-11 MAS (9/15)
2026-08-22 09:10:35 [INFO] [cbtm_carregar_resultados.py] RASPANDO WEB [5997]: ABSOLUTO A FEM (1/15)
2026-08-22 09:10:35 [INFO] [cbtm_carregar_resultados.py] RASPANDO WEB [5997]: ABSOLUTO A FEM (1/15)
2026-08-22 09:10:41 [INFO] [cbtm_carregar_grupos.py] Grupo Mapeado [5997 - SUB-11 MAS]: SUB-11 MAS - Grupo 01 (3 atletas)
2026-08-22 09:10:41 [INFO] [cbtm_carregar_grupos.py] Grupo Mapeado [5997 - SUB-11 MAS]: SUB-11 MAS - Grupo 03 (3 atletas)
2026-08-22 09:10:41 [INFO] [cbtm_carregar_grupos.py] Grupo Mapeado [5997 - SUB-11 MAS]: SUB-11 MAS - Grupo 05 (3 atletas)
2026-08-22 09:10:41 [INFO] [cbtm_carregar_grupos.py] Grupo Mapeado [5997 - SUB-11 MAS]: SUB-11 MAS - Grupo 06 (4 atletas)
2026-08-22 09:10:46 [INFO] [cbtm_carregar_grupos.py] 🌐 RASPANDO GRUPOS [5997]: SUB-13 FEM (10/15)
2026-08-22 09:10:55 [INFO] [cbtm_carregar_resultados.py] Match [5997]: (Agendado) MARIA  MENDES vs SABRINA  MIZVA
2026-08-22 09:10:55 [INFO] [cbtm_carregar_resultados.py] Match [5997]: (Agendado) MARIA  MENDES vs SABRINA  MIZVA
2026-08-22 09:10:55 [INFO] [cbtm_carregar_resultados.py] Match [5997]: (Agendado) MARIA  MENDES vs RENATA  TSUKADA
2026-08-22 09:10:55 [INFO] [cbtm_carregar_resultados.py] Match [5997]: (Agendado) MARIA  MENDES vs RENATA  TSUKADA
2026-08-22 09:10:55 [INFO] [cbtm_carregar_resultados.py] Match [5997]: (Agendado) MARIA  MENDES vs MARIA  ALVES
2026-08-22 09:10:55 [INFO] [cbtm_carregar_resultados.py] Match [5997]: (Agendado) MARIA  MENDES vs MARIA  ALVES
2026-08-22 09:11:00 [INFO] [cbtm_carregar_resultados.py] RASPANDO WEB [5997]: ABSOLUTO D MAS (2/15)
2026-08-22 09:11:00 [INFO] [cbtm_carregar_resultados.py] RASPANDO WEB [5997]: ABSOLUTO D MAS (2/15)
2026-08-22 09:11:03 [INFO] [cbtm_carregar_grupos.py] Grupo Mapeado [5997 - SUB-13 FEM]: SUB-13 FEM - Grupo 01 (3 atletas)
2026-08-22 09:11:08 [INFO] [cbtm_carregar_grupos.py] 🌐 RASPANDO GRUPOS [5997]: SUB-13 MAS (11/15)
2026-08-22 09:11:18 [INFO] [cbtm_carregar_resultados.py] Match [5997]: (Agendado) ALAN  GONÇALVES vs MATHEUS  GOMES
2026-08-22 09:11:18 [INFO] [cbtm_carregar_resultados.py] Match [5997]: (Agendado) ALAN  GONÇALVES vs MATHEUS  GOMES
2026-08-22 09:11:18 [INFO] [cbtm_carregar_resultados.py] Match [5997]: (Agendado) ALAN  GONÇALVES vs GABRIEL  SENNA
2026-08-22 09:11:18 [INFO] [cbtm_carregar_resultados.py] Match [5997]: (Agendado) ALAN  GONÇALVES vs GABRIEL  SENNA
2026-08-22 09:11:23 [INFO] [cbtm_carregar_resultados.py] RASPANDO WEB [5997]: ABSOLUTO E FEM (3/15)
2026-08-22 09:11:23 [INFO] [cbtm_carregar_resultados.py] RASPANDO WEB [5997]: ABSOLUTO E FEM (3/15)
2026-08-22 09:11:28 [INFO] [cbtm_carregar_grupos.py] Grupo Mapeado [5997 - SUB-13 MAS]: SUB-13 MAS - Grupo 08 (3 atletas)
2026-08-22 09:11:33 [INFO] [cbtm_carregar_grupos.py] 🌐 RASPANDO GRUPOS [5997]: SUB-15 FEM (12/15)
2026-08-22 09:11:41 [INFO] [cbtm_carregar_resultados.py] Match [5997]: (Agendado) YUMI  SOUZA vs ANA  VITO
2026-08-22 09:11:41 [INFO] [cbtm_carregar_resultados.py] Match [5997]: (Agendado) YUMI  SOUZA vs ANA  VITO
2026-08-22 09:11:41 [INFO] [cbtm_carregar_resultados.py] Match [5997]: (Agendado) ISADHORA  FERREIRA vs YUMI  SOUZA
2026-08-22 09:11:41 [INFO] [cbtm_carregar_resultados.py] Match [5997]: (Agendado) ISADHORA  FERREIRA vs YUMI  SOUZA
2026-08-22 09:11:46 [INFO] [cbtm_carregar_resultados.py] RASPANDO WEB [5997]: ABSOLUTO F MAS (4/15)
2026-08-22 09:11:46 [INFO] [cbtm_carregar_resultados.py] RASPANDO WEB [5997]: ABSOLUTO F MAS (4/15)
2026-08-22 09:11:51 [INFO] [cbtm_carregar_grupos.py] Grupo Mapeado [5997 - SUB-15 FEM]: SUB-15 FEM - Grupo 01 (3 atletas)
2026-08-22 09:11:51 [INFO] [cbtm_carregar_grupos.py] Grupo Mapeado [5997 - SUB-15 FEM]: SUB-15 FEM - Grupo 02 (4 atletas)
2026-08-22 09:11:51 [INFO] [cbtm_carregar_grupos.py] Grupo Mapeado [5997 - SUB-15 FEM]: SUB-15 FEM - Grupo 03 (4 atletas)
2026-08-22 09:11:56 [INFO] [cbtm_carregar_grupos.py] 🌐 RASPANDO GRUPOS [5997]: SUB-17 FEM (13/15)
2026-08-22 09:12:05 [INFO] [cbtm_carregar_resultados.py] Match [5997]: (Agendado) LAM  FAI vs EMANUEL  MAINGUE
2026-08-22 09:12:05 [INFO] [cbtm_carregar_resultados.py] Match [5997]: (Agendado) LAM  FAI vs EMANUEL  MAINGUE
2026-08-22 09:12:05 [INFO] [cbtm_carregar_resultados.py] Match [5997]: (Agendado) LEONARDO  RAMIREZ vs JANDI  BARBOSA
2026-08-22 09:12:05 [INFO] [cbtm_carregar_resultados.py] Match [5997]: (Agendado) LEONARDO  RAMIREZ vs JANDI  BARBOSA
2026-08-22 09:12:05 [INFO] [cbtm_carregar_resultados.py] Match [5997]: (Agendado) DANIEL  VAZ vs LEONARDO  RAMIREZ
2026-08-22 09:12:05 [INFO] [cbtm_carregar_resultados.py] Match [5997]: (Agendado) DANIEL  VAZ vs LEONARDO  RAMIREZ
2026-08-22 09:12:05 [INFO] [cbtm_carregar_resultados.py] Match [5997]: (Agendado) LAM  FAI vs ANDRÉ  WELCOFF
2026-08-22 09:12:05 [INFO] [cbtm_carregar_resultados.py] Match [5997]: (Agendado) LAM  FAI vs ANDRÉ  WELCOFF
2026-08-22 09:12:10 [INFO] [cbtm_carregar_resultados.py] RASPANDO WEB [5997]: ABSOLUTO G MAS (5/15)
2026-08-22 09:12:10 [INFO] [cbtm_carregar_resultados.py] RASPANDO WEB [5997]: ABSOLUTO G MAS (5/15)
2026-08-22 09:12:15 [INFO] [cbtm_carregar_grupos.py] Grupo Mapeado [5997 - SUB-17 FEM]: SUB-17 FEM - Grupo 01 (3 atletas)
2026-08-22 09:12:15 [INFO] [cbtm_carregar_grupos.py] Grupo Mapeado [5997 - SUB-17 FEM]: SUB-17 FEM - Grupo 02 (3 atletas)
2026-08-22 09:12:20 [INFO] [cbtm_carregar_grupos.py] 🌐 RASPANDO GRUPOS [5997]: SUB-17 MAS (14/15)
2026-08-22 09:12:27 [INFO] [cbtm_carregar_resultados.py] Match [5997]: (Agendado) EDGAR  JUNIOR vs DAVI  NOVAES
2026-08-22 09:12:27 [INFO] [cbtm_carregar_resultados.py] Match [5997]: (Agendado) EDGAR  JUNIOR vs DAVI  NOVAES
2026-08-22 09:12:27 [INFO] [cbtm_carregar_resultados.py] Match [5997]: (Agendado) IAN  JUNIOR vs MARLOM  SCHMITT
2026-08-22 09:12:27 [INFO] [cbtm_carregar_resultados.py] Match [5997]: (Agendado) IAN  JUNIOR vs MARLOM  SCHMITT
2026-08-22 09:12:27 [INFO] [cbtm_carregar_resultados.py] Match [5997]: (Agendado) IAN  JUNIOR vs DAVI  MARCARINI
2026-08-22 09:12:27 [INFO] [cbtm_carregar_resultados.py] Match [5997]: (Agendado) IAN  JUNIOR vs DAVI  MARCARINI
2026-08-22 09:12:27 [INFO] [cbtm_carregar_resultados.py] Match [5997]: (Agendado) EDGAR  JUNIOR vs FELIPE  RIBEIRO
2026-08-22 09:12:27 [INFO] [cbtm_carregar_resultados.py] Match [5997]: (Agendado) EDGAR  JUNIOR vs FELIPE  RIBEIRO
2026-08-22 09:12:27 [INFO] [cbtm_carregar_resultados.py] Match [5997]: (Agendado) MATHEUS  SILVEIRA vs IAN  JUNIOR
2026-08-22 09:12:27 [INFO] [cbtm_carregar_resultados.py] Match [5997]: (Agendado) MATHEUS  SILVEIRA vs IAN  JUNIOR
2026-08-22 09:12:27 [INFO] [cbtm_carregar_resultados.py] Match [5997]: (Agendado) VITOR  BARRATELLA vs 2-7
2026-08-22 09:12:27 [INFO] [cbtm_carregar_resultados.py] Match [5997]: (Agendado) VITOR  BARRATELLA vs 2-7
2026-08-22 09:12:27 [INFO] [cbtm_carregar_resultados.py] Match [5997]: (Agendado) HELENO  AMARAL vs 1-8
2026-08-22 09:12:27 [INFO] [cbtm_carregar_resultados.py] Match [5997]: (Agendado) HELENO  AMARAL vs 1-8
2026-08-22 09:12:32 [INFO] [cbtm_carregar_resultados.py] RASPANDO WEB [5997]: MASTER 60MAS (6/15)
2026-08-22 09:12:32 [INFO] [cbtm_carregar_resultados.py] RASPANDO WEB [5997]: MASTER 60MAS (6/15)
2026-08-22 09:12:36 [INFO] [cbtm_carregar_grupos.py] Grupo Mapeado [5997 - SUB-17 MAS]: SUB-17 MAS - Grupo 03 (3 atletas)
2026-08-22 09:12:36 [INFO] [cbtm_carregar_grupos.py] Grupo Mapeado [5997 - SUB-17 MAS]: SUB-17 MAS - Grupo 04 (3 atletas)
2026-08-22 09:12:41 [INFO] [cbtm_carregar_grupos.py] 🌐 RASPANDO GRUPOS [5997]: SUB-19 MAS (15/15)
2026-08-22 09:12:52 [INFO] [cbtm_carregar_resultados.py] Match [5997]: (Agendado) CLAUDIO  IURCK vs DOMINGO  FERNANDEZ
2026-08-22 09:12:52 [INFO] [cbtm_carregar_resultados.py] Match [5997]: (Agendado) CLAUDIO  IURCK vs DOMINGO  FERNANDEZ
2026-08-22 09:12:52 [INFO] [cbtm_carregar_resultados.py] Match [5997]: (Agendado) BENJAMIM  TAKATSUKI vs MARCIO  WATANABE
2026-08-22 09:12:52 [INFO] [cbtm_carregar_resultados.py] Match [5997]: (Agendado) BENJAMIM  TAKATSUKI vs MARCIO  WATANABE
2026-08-22 09:12:52 [INFO] [cbtm_carregar_resultados.py] Match [5997]: (Agendado) OLIDES  JÚNIOR vs DOMINGO  FERNANDEZ
2026-08-22 09:12:52 [INFO] [cbtm_carregar_resultados.py] Match [5997]: (Agendado) OLIDES  JÚNIOR vs DOMINGO  FERNANDEZ
2026-08-22 09:12:52 [INFO] [cbtm_carregar_resultados.py] Match [5997]: (Agendado) SÍLVIO  ALBUQUERQUE vs MARCIO  WATANABE
2026-08-22 09:12:52 [INFO] [cbtm_carregar_resultados.py] Match [5997]: (Agendado) SÍLVIO  ALBUQUERQUE vs MARCIO  WATANABE
2026-08-22 09:12:52 [INFO] [cbtm_carregar_resultados.py] Match [5997]: (Agendado) DOMINGO  FERNANDEZ vs WALTER  JUNIOR
2026-08-22 09:12:52 [INFO] [cbtm_carregar_resultados.py] Match [5997]: (Agendado) DOMINGO  FERNANDEZ vs WALTER  JUNIOR
2026-08-22 09:12:52 [INFO] [cbtm_carregar_resultados.py] Match [5997]: (Agendado) MARCIO  WATANABE vs JOSÉ  DEZIE
2026-08-22 09:12:52 [INFO] [cbtm_carregar_resultados.py] Match [5997]: (Agendado) MARCIO  WATANABE vs JOSÉ  DEZIE
2026-08-22 09:12:57 [INFO] [cbtm_carregar_resultados.py] RASPANDO WEB [5997]: SUB-09 MAS (7/15)
2026-08-22 09:12:57 [INFO] [cbtm_carregar_resultados.py] RASPANDO WEB [5997]: SUB-09 MAS (7/15)
2026-08-22 09:12:58 [INFO] [cbtm_carregar_grupos.py] Grupo Mapeado [5997 - SUB-19 MAS]: SUB-19 MAS - Grupo 01 (3 atletas)
2026-08-22 09:12:58 [INFO] [cbtm_carregar_grupos.py] Grupo Mapeado [5997 - SUB-19 MAS]: SUB-19 MAS - Grupo 04 (3 atletas)
2026-08-22 09:12:58 [INFO] [cbtm_carregar_grupos.py] Grupo Mapeado [5997 - SUB-19 MAS]: SUB-19 MAS - Grupo 05 (3 atletas)
2026-08-22 09:12:58 [INFO] [cbtm_carregar_grupos.py] Arquivo de grupos gravado com sucesso em: '/home/emersonb/python/export/cbtm_grupos.json'
2026-08-22 09:13:02 [INFO] [RESULTADOS-ALL] ⚙️ Configurações carregadas (MODO ALL RESULTADOS). PID: 614335
2026-08-22 09:13:02 [INFO] [RESULTADOS-ALL] 📋 Cópia de backup gerada com sucesso: /home/emersonb/python/export/cbtm_resultados_all.json -> /home/emersonb/python/export/cbtm_resultados_all.json.bkp
2026-08-22 09:13:02 [INFO] [RESULTADOS-ALL] 📦 Dados de backup do arquivo acumulado ALL carregados com sucesso.
2026-08-22 09:13:02 [INFO] [RESULTADOS-ALL] 🏆 Processando Resultados do Evento ID 5997 (39 categoria(s))...
2026-08-22 09:13:02 [INFO] [RESULTADOS-ALL] 🤖 Inicializando Chrome Headless...
2026-08-22 09:13:05 [INFO] [RESULTADOS-ALL] patching driver executable /home/emersonb/.local/share/undetected_chromedriver/undetected_chromedriver
2026-08-22 09:13:15 [INFO] [RESULTADOS-ALL] 🌐 Navegando para o Evento (Tentativa 1/3): https://app.cbtm.org.br/IUI/App/Evento?tab=2&EVE_Evento_ID=5997
2026-08-22 09:13:24 [INFO] [cbtm_carregar_resultados.py] Match [5997]: (Agendado) MARTIM  AMARAL vs DANIEL  MELO
2026-08-22 09:13:24 [INFO] [cbtm_carregar_resultados.py] Match [5997]: (Agendado) MARTIM  AMARAL vs DANIEL  MELO
2026-08-22 09:13:24 [INFO] [cbtm_carregar_resultados.py] Match [5997]: (Agendado) HEITOR  MELLO vs MIGUEL  SOUZA
2026-08-22 09:13:24 [INFO] [cbtm_carregar_resultados.py] Match [5997]: (Agendado) HEITOR  MELLO vs MIGUEL  SOUZA
2026-08-22 09:13:24 [INFO] [cbtm_carregar_resultados.py] Match [5997]: (Agendado) JOAQUIM  MANTOVANI vs JOAQUIM  PRADO
2026-08-22 09:13:24 [INFO] [cbtm_carregar_resultados.py] Match [5997]: (Agendado) JOAQUIM  MANTOVANI vs JOAQUIM  PRADO
2026-08-22 09:13:24 [INFO] [cbtm_carregar_resultados.py] Match [5997]: (Agendado) ÍTALO  RAMIREZ vs ARTHUR  LIMA
2026-08-22 09:13:24 [INFO] [cbtm_carregar_resultados.py] Match [5997]: (Agendado) ÍTALO  RAMIREZ vs ARTHUR  LIMA
2026-08-22 09:13:24 [INFO] [cbtm_carregar_resultados.py] Match [5997]: (Agendado) HEITOR  MELLO vs MATIAS  BARBOSA
2026-08-22 09:13:24 [INFO] [cbtm_carregar_resultados.py] Match [5997]: (Agendado) HEITOR  MELLO vs MATIAS  BARBOSA
2026-08-22 09:13:24 [INFO] [cbtm_carregar_resultados.py] Match [5997]: (Agendado) GABRIEL  NARDI vs JOAQUIM  MANTOVANI
2026-08-22 09:13:24 [INFO] [cbtm_carregar_resultados.py] Match [5997]: (Agendado) GABRIEL  NARDI vs JOAQUIM  MANTOVANI
2026-08-22 09:13:24 [INFO] [cbtm_carregar_resultados.py] Match [5997]: (Agendado) ALEXANDRE  GLIZT vs ÍTALO  RAMIREZ
2026-08-22 09:13:24 [INFO] [cbtm_carregar_resultados.py] Match [5997]: (Agendado) ALEXANDRE  GLIZT vs ÍTALO  RAMIREZ
2026-08-22 09:13:24 [INFO] [cbtm_carregar_resultados.py] Match [5997]: (Agendado) MARTIM  AMARAL vs HENRIQUE  ITO
2026-08-22 09:13:24 [INFO] [cbtm_carregar_resultados.py] Match [5997]: (Agendado) MARTIM  AMARAL vs HENRIQUE  ITO
2026-08-22 09:13:24 [INFO] [cbtm_carregar_resultados.py] Match [5997]: (Agendado) CRISTOFFER  VIEIRA vs HEITOR  MELLO
2026-08-22 09:13:24 [INFO] [cbtm_carregar_resultados.py] Match [5997]: (Agendado) CRISTOFFER  VIEIRA vs HEITOR  MELLO
2026-08-22 09:13:24 [INFO] [cbtm_carregar_resultados.py] REAPROVEITADO (BACKUP) [5997]: SUB-11 FEM -- Apenas jogos em datas futuras.
2026-08-22 09:13:24 [INFO] [cbtm_carregar_resultados.py] REAPROVEITADO (BACKUP) [5997]: SUB-11 FEM -- Apenas jogos em datas futuras.
2026-08-22 09:13:24 [INFO] [cbtm_carregar_resultados.py] REAPROVEITADO (BACKUP) [5997]: SUB-11 MAS -- Apenas jogos em datas futuras.
2026-08-22 09:13:24 [INFO] [cbtm_carregar_resultados.py] REAPROVEITADO (BACKUP) [5997]: SUB-11 MAS -- Apenas jogos em datas futuras.
2026-08-22 09:13:29 [INFO] [cbtm_carregar_resultados.py] RASPANDO WEB [5997]: SUB-13 FEM (10/15)
2026-08-22 09:13:29 [INFO] [cbtm_carregar_resultados.py] RASPANDO WEB [5997]: SUB-13 FEM (10/15)
2026-08-22 09:13:34 [INFO] [RESULTADOS-ALL] 🔍 RASPANDO WEB [5997]: ABSOLUTO A FEM (1/39)
2026-08-22 09:13:45 [INFO] [cbtm_carregar_resultados.py] Match [5997]: (Agendado) NIVIN  ABDALLAH vs MARIANA  CAMARGO
2026-08-22 09:13:45 [INFO] [cbtm_carregar_resultados.py] Match [5997]: (Agendado) NIVIN  ABDALLAH vs MARIANA  CAMARGO
2026-08-22 09:13:45 [INFO] [cbtm_carregar_resultados.py] Match [5997]: (Agendado) NIVIN  ABDALLAH vs MANUELA  DOI
2026-08-22 09:13:45 [INFO] [cbtm_carregar_resultados.py] Match [5997]: (Agendado) NIVIN  ABDALLAH vs MANUELA  DOI
2026-08-22 09:13:50 [INFO] [cbtm_carregar_resultados.py] RASPANDO WEB [5997]: SUB-13 MAS (11/15)
2026-08-22 09:13:50 [INFO] [cbtm_carregar_resultados.py] RASPANDO WEB [5997]: SUB-13 MAS (11/15)
2026-08-22 09:13:52 [INFO] [RESULTADOS-ALL]   • Match [5997]: (Agendado) MELISSA  AOYAMA vs JULLY  NAGAO
2026-08-22 09:13:52 [INFO] [RESULTADOS-ALL]   • Match [5997]: (Agendado) VANESSA  HAYASHI vs ISABELLE  TANAKA
2026-08-22 09:13:52 [INFO] [RESULTADOS-ALL]   • Match [5997]: (Agendado) MARIA  MENDES vs SABRINA  MIZVA
2026-08-22 09:13:52 [INFO] [RESULTADOS-ALL]   • Match [5997]: (Agendado) MARIA  ALVES vs RENATA  TSUKADA
2026-08-22 09:13:52 [INFO] [RESULTADOS-ALL]   • Match [5997]: (Agendado) MELISSA  AOYAMA vs ISABELLE  TANAKA
2026-08-22 09:13:52 [INFO] [RESULTADOS-ALL]   • Match [5997]: (Agendado) VANESSA  HAYASHI vs JULLY  NAGAO
2026-08-22 09:13:52 [INFO] [RESULTADOS-ALL]   • Match [5997]: (Agendado) MARIA  MENDES vs RENATA  TSUKADA
2026-08-22 09:13:52 [INFO] [RESULTADOS-ALL]   • Match [5997]: (Agendado) MARIA  ALVES vs SABRINA  MIZVA
2026-08-22 09:13:52 [INFO] [RESULTADOS-ALL]   • Match [5997]: (Agendado) ISABELLE  TANAKA vs JULLY  NAGAO
2026-08-22 09:13:52 [INFO] [RESULTADOS-ALL]   • Match [5997]: (Agendado) MELISSA  AOYAMA vs VANESSA  HAYASHI
2026-08-22 09:13:52 [INFO] [RESULTADOS-ALL]   • Match [5997]: (Agendado) RENATA  TSUKADA vs SABRINA  MIZVA
2026-08-22 09:13:52 [INFO] [RESULTADOS-ALL]   • Match [5997]: (Agendado) MARIA  MENDES vs MARIA  ALVES
2026-08-22 09:13:52 [INFO] [RESULTADOS-ALL]   • Match [5997]: (Agendado) 1-1 vs 2-2
2026-08-22 09:13:52 [INFO] [RESULTADOS-ALL]   • Match [5997]: (Agendado) 2-1 vs 1-2
2026-08-22 09:13:52 [INFO] [RESULTADOS-ALL]   • Match [5997]: (Agendado) V13 vs V14
2026-08-22 09:13:57 [INFO] [RESULTADOS-ALL] 🔍 RASPANDO WEB [5997]: ABSOLUTO A MAS (2/39)
2026-08-22 09:14:08 [INFO] [cbtm_carregar_resultados.py] Match [5997]: (Agendado) MANSUR  JOMAA vs RENATO  FILHO
2026-08-22 09:14:08 [INFO] [cbtm_carregar_resultados.py] Match [5997]: (Agendado) MANSUR  JOMAA vs RENATO  FILHO
2026-08-22 09:14:08 [INFO] [cbtm_carregar_resultados.py] Match [5997]: (Agendado) ARTHUR  KADLUBISKI vs MANSUR  JOMAA
2026-08-22 09:14:08 [INFO] [cbtm_carregar_resultados.py] Match [5997]: (Agendado) ARTHUR  KADLUBISKI vs MANSUR  JOMAA
2026-08-22 09:14:08 [INFO] [cbtm_carregar_resultados.py] REAPROVEITADO (BACKUP) [5997]: SUB-15 FEM -- Apenas jogos em datas futuras.
2026-08-22 09:14:08 [INFO] [cbtm_carregar_resultados.py] REAPROVEITADO (BACKUP) [5997]: SUB-15 FEM -- Apenas jogos em datas futuras.
2026-08-22 09:14:13 [INFO] [cbtm_carregar_resultados.py] RASPANDO WEB [5997]: SUB-17 FEM (13/15)
2026-08-22 09:14:13 [INFO] [cbtm_carregar_resultados.py] RASPANDO WEB [5997]: SUB-17 FEM (13/15)
2026-08-22 09:14:16 [INFO] [RESULTADOS-ALL]   • Match [5997]: (Agendado) FELIPE  LARA vs ARTHUR  PIGNATTI
2026-08-22 09:14:16 [INFO] [RESULTADOS-ALL]   • Match [5997]: (Agendado) HOON  SHIM vs NESTOR  CHAVES
2026-08-22 09:14:16 [INFO] [RESULTADOS-ALL]   • Match [5997]: (Agendado) GUILHERME  RODRIGUES vs IGOR  GAVAZZONI
2026-08-22 09:14:16 [INFO] [RESULTADOS-ALL]   • Match [5997]: (Agendado) EGON  LOVATO vs GABRIEL  CHICUTA
2026-08-22 09:14:16 [INFO] [RESULTADOS-ALL]   • Match [5997]: (Agendado) EDUARDO  GRUCHOSKI vs FELIPE  BORGES
2026-08-22 09:14:16 [INFO] [RESULTADOS-ALL]   • Match [5997]: (Agendado) ALLEX  SAKATA vs ARTHUR  PIGNATTI
2026-08-22 09:14:16 [INFO] [RESULTADOS-ALL]   • Match [5997]: (Agendado) KEVIN  OLIVEIRA vs NESTOR  CHAVES
2026-08-22 09:14:16 [INFO] [RESULTADOS-ALL]   • Match [5997]: (Agendado) MESSIAS  SANTOS vs IGOR  GAVAZZONI
2026-08-22 09:14:16 [INFO] [RESULTADOS-ALL]   • Match [5997]: (Agendado) EGON  LOVATO vs FELIPE  BORGES
2026-08-22 09:14:16 [INFO] [RESULTADOS-ALL]   • Match [5997]: (Agendado) EDUARDO  GRUCHOSKI vs GABRIEL  CHICUTA
2026-08-22 09:14:16 [INFO] [RESULTADOS-ALL]   • Match [5997]: (Agendado) FELIPE  LARA vs ALLEX  SAKATA
2026-08-22 09:14:16 [INFO] [RESULTADOS-ALL]   • Match [5997]: (Agendado) HOON  SHIM vs KEVIN  OLIVEIRA
2026-08-22 09:14:16 [INFO] [RESULTADOS-ALL]   • Match [5997]: (Agendado) GUILHERME  RODRIGUES vs MESSIAS  SANTOS
2026-08-22 09:14:16 [INFO] [RESULTADOS-ALL]   • Match [5997]: (Agendado) FELIPE  BORGES vs GABRIEL  CHICUTA
2026-08-22 09:14:16 [INFO] [RESULTADOS-ALL]   • Match [5997]: (Agendado) EGON  LOVATO vs EDUARDO  GRUCHOSKI
2026-08-22 09:14:16 [INFO] [RESULTADOS-ALL]   • Match [5997]: (Agendado) 1-1 vs 2-2
2026-08-22 09:14:16 [INFO] [RESULTADOS-ALL]   • Match [5997]: (Agendado) 2-3 vs 1-4
2026-08-22 09:14:16 [INFO] [RESULTADOS-ALL]   • Match [5997]: (Agendado) 1-3 vs 2-4
2026-08-22 09:14:16 [INFO] [RESULTADOS-ALL]   • Match [5997]: (Agendado) 2-1 vs 1-2
2026-08-22 09:14:16 [INFO] [RESULTADOS-ALL]   • Match [5997]: (Agendado) V16 vs V17
2026-08-22 09:14:16 [INFO] [RESULTADOS-ALL]   • Match [5997]: (Agendado) V18 vs V19
2026-08-22 09:14:16 [INFO] [RESULTADOS-ALL]   • Match [5997]: (Agendado) V20 vs V21
2026-08-22 09:14:21 [INFO] [RESULTADOS-ALL] 🔍 RASPANDO WEB [5997]: ABSOLUTO B MAS (3/39)
2026-08-22 09:14:31 [INFO] [cbtm_carregar_resultados.py] Match [5997]: (Agendado) YASMIN  SÁ vs ANA  BRAGA
2026-08-22 09:14:31 [INFO] [cbtm_carregar_resultados.py] Match [5997]: (Agendado) YASMIN  SÁ vs ANA  BRAGA
2026-08-22 09:14:31 [INFO] [cbtm_carregar_resultados.py] Match [5997]: (Agendado) NIHAN  ABDALLAH vs ISABELA  HAAB
2026-08-22 09:14:31 [INFO] [cbtm_carregar_resultados.py] Match [5997]: (Agendado) NIHAN  ABDALLAH vs ISABELA  HAAB
2026-08-22 09:14:31 [INFO] [cbtm_carregar_resultados.py] Match [5997]: (Agendado) EMANUELLY  SANTOS vs NIHAN  ABDALLAH
2026-08-22 09:14:31 [INFO] [cbtm_carregar_resultados.py] Match [5997]: (Agendado) EMANUELLY  SANTOS vs NIHAN  ABDALLAH
2026-08-22 09:14:31 [INFO] [cbtm_carregar_resultados.py] Match [5997]: (Agendado) YASMIN  SÁ vs ELOAH  PRADO
2026-08-22 09:14:31 [INFO] [cbtm_carregar_resultados.py] Match [5997]: (Agendado) YASMIN  SÁ vs ELOAH  PRADO
2026-08-22 09:14:36 [INFO] [cbtm_carregar_resultados.py] RASPANDO WEB [5997]: SUB-17 MAS (14/15)
2026-08-22 09:14:36 [INFO] [cbtm_carregar_resultados.py] RASPANDO WEB [5997]: SUB-17 MAS (14/15)
2026-08-22 09:14:39 [INFO] [RESULTADOS-ALL]   • Match [5997]: (Agendado) PEDRO  TUSSET vs EDUARDO  LARA
2026-08-22 09:14:39 [INFO] [RESULTADOS-ALL]   • Match [5997]: (Agendado) HERNANI  NIGRIN vs EDILSON  OKAMURA
2026-08-22 09:14:39 [INFO] [RESULTADOS-ALL]   • Match [5997]: (Agendado) PEDRO  TUSSET vs EDILSON  OKAMURA
2026-08-22 09:14:39 [INFO] [RESULTADOS-ALL]   • Match [5997]: (Agendado) HERNANI  NIGRIN vs EDUARDO  LARA
2026-08-22 09:14:39 [INFO] [RESULTADOS-ALL]   • Match [5997]: (Agendado) EDILSON  OKAMURA vs EDUARDO  LARA
2026-08-22 09:14:39 [INFO] [RESULTADOS-ALL]   • Match [5997]: (Agendado) PEDRO  TUSSET vs HERNANI  NIGRIN
2026-08-22 09:14:44 [INFO] [RESULTADOS-ALL] 🔍 RASPANDO WEB [5997]: ABSOLUTO C FEM (4/39)
2026-08-22 09:14:54 [INFO] [cbtm_carregar_resultados.py] Match [5997]: (Agendado) CAUÃ  KNACK vs OTÁVIO  IENERICH
2026-08-22 09:14:54 [INFO] [cbtm_carregar_resultados.py] Match [5997]: (Agendado) CAUÃ  KNACK vs OTÁVIO  IENERICH
2026-08-22 09:14:54 [INFO] [cbtm_carregar_resultados.py] Match [5997]: (Agendado) RICCARDO  MACIEL vs CAUÃ  MATHEUS
2026-08-22 09:14:54 [INFO] [cbtm_carregar_resultados.py] Match [5997]: (Agendado) RICCARDO  MACIEL vs CAUÃ  MATHEUS
2026-08-22 09:14:54 [INFO] [cbtm_carregar_resultados.py] Match [5997]: (Agendado) MATHEUS  JACUMASSO vs RICCARDO  MACIEL
2026-08-22 09:14:54 [INFO] [cbtm_carregar_resultados.py] Match [5997]: (Agendado) MATHEUS  JACUMASSO vs RICCARDO  MACIEL
2026-08-22 09:14:54 [INFO] [cbtm_carregar_resultados.py] Match [5997]: (Agendado) CAUÃ  KNACK vs GUSTAVO  KANASHIRO
2026-08-22 09:14:54 [INFO] [cbtm_carregar_resultados.py] Match [5997]: (Agendado) CAUÃ  KNACK vs GUSTAVO  KANASHIRO
2026-08-22 09:14:54 [INFO] [cbtm_carregar_resultados.py] REAPROVEITADO (BACKUP) [5997]: SUB-19 MAS -- Apenas jogos em datas futuras.
2026-08-22 09:14:54 [INFO] [cbtm_carregar_resultados.py] REAPROVEITADO (BACKUP) [5997]: SUB-19 MAS -- Apenas jogos em datas futuras.
2026-08-22 09:14:54 [INFO] [cbtm_carregar_resultados.py] Arquivo de resultados atualizado e consolidado com sucesso!
2026-08-22 09:14:54 [INFO] [cbtm_carregar_resultados.py] Arquivo de resultados atualizado e consolidado com sucesso!
2026-08-22 09:14:56 [INFO] [4_cbtm_resultados.sh] Raspagem e ciclo de resultados finalizados com sucesso.
2026-08-22 09:14:56 [INFO] [agenda_crontab.sh] ✅ Passo 1 concluido com sucesso.
2026-08-22 09:14:56 [INFO] [agenda_crontab.sh] ▶️ [2/7] Executando busca de dependencias extras (/home/emersonb/python/5_cbtm_extras.sh)...
2026-08-22 09:14:56 [INFO] Iniciando resolução de dependências extras (grupos e jogos)...
2026-08-22 09:14:58 [INFO] [EXTRAS] Carregando resultados a partir de: /home/emersonb/python/export/cbtm_resultados.json
2026-08-22 09:14:58 [INFO] [EXTRAS] Carregando resultados a partir de: /home/emersonb/python/export/cbtm_resultados.json
2026-08-22 09:14:58 [INFO] [EXTRAS] Pendências identificadas: 2 grupo(s), 0 jogo(s).
2026-08-22 09:14:58 [INFO] [EXTRAS] Pendências identificadas: 2 grupo(s), 0 jogo(s).
2026-08-22 09:14:58 [INFO] [EXTRAS] 🌐 Buscando Grupo 7 em [ABSOLUTO G MAS] (Evento ID 5997)...
2026-08-22 09:14:58 [INFO] [EXTRAS] 🌐 Buscando Grupo 7 em [ABSOLUTO G MAS] (Evento ID 5997)...
2026-08-22 09:14:58 [INFO] [EXTRAS] Inicializando Chrome Headless...
2026-08-22 09:14:58 [INFO] [EXTRAS] Inicializando Chrome Headless...
2026-08-22 09:14:58 [INFO] [EXTRAS] patching driver executable /home/emersonb/.local/share/undetected_chromedriver/undetected_chromedriver
2026-08-22 09:14:58 [INFO] [EXTRAS] patching driver executable /home/emersonb/.local/share/undetected_chromedriver/undetected_chromedriver
2026-08-22 09:15:07 [INFO] [RESULTADOS-ALL]   • Match [5997]: (Agendado) JULIA  COITO vs LETÍCIA  DOMINGUES
2026-08-22 09:15:07 [INFO] [RESULTADOS-ALL]   • Match [5997]: (Agendado) ROSANA  HAYASHI vs ISABELA  OLIVEIRA
2026-08-22 09:15:07 [INFO] [RESULTADOS-ALL]   • Match [5997]: (Agendado) JULIANA  MILLÉO vs MILENE  VASCONCELLOS
2026-08-22 09:15:07 [INFO] [RESULTADOS-ALL]   • Match [5997]: (Agendado) AMANDA  OLIVEIRA vs LETÍCIA  DOMINGUES
2026-08-22 09:15:07 [INFO] [RESULTADOS-ALL]   • Match [5997]: (Agendado) ROSANA  HAYASHI vs MILENE  VASCONCELLOS
2026-08-22 09:15:07 [INFO] [RESULTADOS-ALL]   • Match [5997]: (Agendado) JULIANA  MILLÉO vs ISABELA  OLIVEIRA
2026-08-22 09:15:07 [INFO] [RESULTADOS-ALL]   • Match [5997]: (Agendado) JULIA  COITO vs AMANDA  OLIVEIRA
2026-08-22 09:15:07 [INFO] [RESULTADOS-ALL]   • Match [5997]: (Agendado) MILENE  VASCONCELLOS vs ISABELA  OLIVEIRA
2026-08-22 09:15:07 [INFO] [RESULTADOS-ALL]   • Match [5997]: (Agendado) ROSANA  HAYASHI vs JULIANA  MILLÉO
2026-08-22 09:15:07 [INFO] [RESULTADOS-ALL]   • Match [5997]: (Agendado) 1-1 vs 2-2
2026-08-22 09:15:07 [INFO] [RESULTADOS-ALL]   • Match [5997]: (Agendado) 2-1 vs 1-2
2026-08-22 09:15:07 [INFO] [RESULTADOS-ALL]   • Match [5997]: (Agendado) V10 vs V11
2026-08-22 09:15:11 [INFO] [EXTRAS] Navegando para: https://app.cbtm.org.br/IUI/App/Evento?tab=1&EVE_Evento_ID=5997
2026-08-22 09:15:11 [INFO] [EXTRAS] Navegando para: https://app.cbtm.org.br/IUI/App/Evento?tab=1&EVE_Evento_ID=5997
2026-08-22 09:15:12 [INFO] [RESULTADOS-ALL] 🔍 RASPANDO WEB [5997]: ABSOLUTO C MAS (5/39)
2026-08-22 09:15:39 [INFO] [RESULTADOS-ALL]   • Match [5997]: (Agendado) YAN  MORAIS vs MATHEUS  SAKURADA
2026-08-22 09:15:39 [INFO] [RESULTADOS-ALL]   • Match [5997]: (Agendado) LUCAS  TAVARES vs LUIZ  HARDT
2026-08-22 09:15:39 [INFO] [RESULTADOS-ALL]   • Match [5997]: (Agendado) RAFAEL  SAMPAIO vs BENJAMIM  SOUZA
2026-08-22 09:15:39 [INFO] [RESULTADOS-ALL]   • Match [5997]: (Agendado) MATHEUS  SANTOS vs MATHEUS  SAKURADA
2026-08-22 09:15:39 [INFO] [RESULTADOS-ALL]   • Match [5997]: (Agendado) DAVI  SILVA vs LUIZ  HARDT
2026-08-22 09:15:39 [INFO] [RESULTADOS-ALL]   • Match [5997]: (Agendado) BRUNO  FERREIRA vs BENJAMIM  SOUZA
2026-08-22 09:15:39 [INFO] [RESULTADOS-ALL]   • Match [5997]: (Agendado) YAN  MORAIS vs MATHEUS  SANTOS
2026-08-22 09:15:39 [INFO] [RESULTADOS-ALL]   • Match [5997]: (Agendado) LUCAS  TAVARES vs DAVI  SILVA
2026-08-22 09:15:39 [INFO] [RESULTADOS-ALL]   • Match [5997]: (Agendado) RAFAEL  SAMPAIO vs BRUNO  FERREIRA
2026-08-22 09:15:39 [INFO] [RESULTADOS-ALL]   • Match [5997]: (Agendado) 2-2 vs 2-3
2026-08-22 09:15:39 [INFO] [RESULTADOS-ALL]   • Match [5997]: (Agendado) 1-3 vs 2-1
2026-08-22 09:15:39 [INFO] [RESULTADOS-ALL]   • Match [5997]: (Agendado) 1-1 vs V10
2026-08-22 09:15:39 [INFO] [RESULTADOS-ALL]   • Match [5997]: (Agendado) V11 vs 1-2
2026-08-22 09:15:39 [INFO] [RESULTADOS-ALL]   • Match [5997]: (Agendado) V12 vs V13
2026-08-22 09:15:44 [INFO] [RESULTADOS-ALL] 🔍 RASPANDO WEB [5997]: ABSOLUTO D FEM (6/39)
2026-08-22 09:15:45 [INFO] [EXTRAS] 🌐 Buscando Grupo 8 em [ABSOLUTO G MAS] (Evento ID 5997)...
2026-08-22 09:15:45 [INFO] [EXTRAS] 🌐 Buscando Grupo 8 em [ABSOLUTO G MAS] (Evento ID 5997)...
2026-08-22 09:16:01 [INFO] [EXTRAS] 📁 Grupos Extras concatenados com sucesso em: /home/emersonb/python/export/cbtm_grupos_extras.json
2026-08-22 09:16:01 [INFO] [EXTRAS] 📁 Grupos Extras concatenados com sucesso em: /home/emersonb/python/export/cbtm_grupos_extras.json
2026-08-22 09:16:01 [INFO] [EXTRAS] 📁 Jogos Extras salvos em: /home/emersonb/python/export/cbtm_jogos_extras.json
2026-08-22 09:16:01 [INFO] [EXTRAS] 📁 Jogos Extras salvos em: /home/emersonb/python/export/cbtm_jogos_extras.json
2026-08-22 09:16:03 [INFO] Processo de busca de extras finalizado. Trava liberada.
2026-08-22 09:16:03 [INFO] [agenda_crontab.sh] ✅ Passo 2 concluido com sucesso.
2026-08-22 09:16:03 [INFO] [agenda_crontab.sh] ▶️ [3/7] Executando processamento Telegram local (/home/emersonb/python/7_cbtm_telegram_processa.sh)...
2026-08-22 09:16:03 [INFO] [cbtm_telegram-processa.sh] Iniciando processamento de arquivos locais (cbtm_telegram-processa.py)...
[INFO] Iniciando processamento de arquivos locais...
--- [1/5] Gerando Resultados Consolidados (show-all) ---
[INFO] Backup CSV criado em: /home/emersonb/python/export/telegram-result.csv.bkp
[INFO] Arquivo CSV gerado com sucesso em '/home/emersonb/python/export/telegram-result.csv'.
--- [2/5] Gerando Grupos Consolidados (show-grupos) ---
[INFO] Backup do CSV de grupos criado em: '/home/emersonb/python/export/telegram-grupos.csv.bkp'.
[INFO] Arquivo CSV de grupos gerado com sucesso em '/home/emersonb/python/export/telegram-grupos.csv'.
--- [3/5] Gerando Diferenças de Grupos (show-diff-grupos) ---
[INFO] Arquivo de diferenças de grupos CSV gerado com sucesso em '/home/emersonb/python/export/telegram-grupos.csv.diff'.
--- [4/5] Gerando Diferenças de Resultados (show-diff) ---
[INFO] Arquivo de diferenças CSV gerado com sucesso em '/home/emersonb/python/export/telegram-result.csv.diff'.
--- [5/5] Gerando Programação Pendente (show-prog) ---
[INFO] Arquivo CSV de jogos pendentes gerado em '/home/emersonb/python/export/telegram-result.csv.prog'.
[INFO] Processamento de arquivos locais concluído com sucesso!
2026-08-22 09:16:03 [INFO] [cbtm_telegram-processa.sh] Processamento de arquivos locais concluido com sucesso!
2026-08-22 09:16:03 [INFO] [agenda_crontab.sh] ✅ Passo 3 concluido com sucesso.
2026-08-22 09:16:03 [INFO] [agenda_crontab.sh] ▶️ [4/7] Executando disparo de notificacoes Telegram (/home/emersonb/python/8_cbtm_telegram_envia.sh)...
2026-08-22 09:16:03 [INFO] [8_cbtm_telegram_envia.sh] ⏭️ [SKIP] Execucao desativada no config.json ('telegram_enviar_atualizacao' != 1). Encerrando.
2026-08-22 09:16:03 [INFO] [agenda_crontab.sh] ✅ Passo 4 concluido com sucesso.
2026-08-22 09:16:03 [INFO] [agenda_crontab.sh] ▶️ [5/7] Executando atualizacao de rating (/home/emersonb/python/9_cbtm_rating.sh)...
[INFO] Executando cbtm_estimar_rating.py...
[INFO] cbtm_estimar_rating.py executado com sucesso.
2026-08-22 09:16:04 [INFO] [agenda_crontab.sh] ✅ Passo 5 concluido com sucesso.
2026-08-22 09:16:04 [INFO] [agenda_crontab.sh] ▶️ [6/7] Executando upload para o portal ATMFOZ (/home/emersonb/python/6_cbtm_upload_atmfoz.sh)...
2026-08-22 09:16:04 [INFO] [upload_atmfoz.sh] ⏭️ [SKIP] Resultados sem alteracoes (MD5 e tamanho identicos). Envio cancelado.
2026-08-22 09:16:04 [INFO] [upload_atmfoz.sh] ⏭️ [SKIP] Categorias sem alteracoes (MD5 e tamanho identicos). Envio cancelado.
2026-08-22 09:16:05 [INFO] [upload_atmfoz.sh] ⏭️ [SKIP] Grupos Base sem alteracoes (MD5 e tamanho identicos). Envio cancelado.
2026-08-22 09:16:05 [INFO] [upload_atmfoz.sh] ⏭️ [SKIP] Grupos Extras sem alteracoes (MD5 e tamanho identicos). Envio cancelado.
2026-08-22 09:16:05 [INFO] [upload_atmfoz.sh] ⏭️ [SKIP] Jogos Extras sem alteracoes (MD5 e tamanho identicos). Envio cancelado.
2026-08-22 09:16:06 [INFO] [RESULTADOS-ALL]   • Match [5997]: (Agendado) RILLARY  SERAPHIM vs NATHÁLIA  FERNANDES
2026-08-22 09:16:06 [INFO] [RESULTADOS-ALL]   • Match [5997]: (Agendado) REBECA  SCHNEIDER vs ERIKA  FERREIRA
2026-08-22 09:16:06 [INFO] [RESULTADOS-ALL]   • Match [5997]: (Agendado) EDUARDA  AFONSO vs LUISA  BREY
2026-08-22 09:16:06 [INFO] [RESULTADOS-ALL]   • Match [5997]: (Agendado) ISABELLY  PASSOS vs YASMIM  ALVES
2026-08-22 09:16:06 [INFO] [upload_atmfoz.sh] ⏭️ [SKIP] Resultados ALL sem alteracoes (MD5 e tamanho identicos). Envio cancelado.
2026-08-22 09:16:06 [INFO] [RESULTADOS-ALL]   • Match [5997]: (Agendado) RILLARY  SERAPHIM vs ERIKA  FERREIRA
2026-08-22 09:16:06 [INFO] [RESULTADOS-ALL]   • Match [5997]: (Agendado) REBECA  SCHNEIDER vs NATHÁLIA  FERNANDES
2026-08-22 09:16:06 [INFO] [RESULTADOS-ALL]   • Match [5997]: (Agendado) EDUARDA  AFONSO vs YASMIM  ALVES
2026-08-22 09:16:06 [INFO] [RESULTADOS-ALL]   • Match [5997]: (Agendado) ISABELLY  PASSOS vs LUISA  BREY
2026-08-22 09:16:06 [INFO] [RESULTADOS-ALL]   • Match [5997]: (Agendado) ERIKA  FERREIRA vs NATHÁLIA  FERNANDES
2026-08-22 09:16:06 [INFO] [RESULTADOS-ALL]   • Match [5997]: (Agendado) RILLARY  SERAPHIM vs REBECA  SCHNEIDER
2026-08-22 09:16:06 [INFO] [RESULTADOS-ALL]   • Match [5997]: (Agendado) YASMIM  ALVES vs LUISA  BREY
2026-08-22 09:16:06 [INFO] [RESULTADOS-ALL]   • Match [5997]: (Agendado) EDUARDA  AFONSO vs ISABELLY  PASSOS
2026-08-22 09:16:06 [INFO] [RESULTADOS-ALL]   • Match [5997]: (Agendado) 1-1 vs 2-2
2026-08-22 09:16:06 [INFO] [RESULTADOS-ALL]   • Match [5997]: (Agendado) 2-1 vs 1-2
2026-08-22 09:16:06 [INFO] [RESULTADOS-ALL]   • Match [5997]: (Agendado) V13 vs V14
2026-08-22 09:16:06 [INFO] [upload_atmfoz.sh] ⏭️ [SKIP] Categorias ALL sem alteracoes (MD5 e tamanho identicos). Envio cancelado.
2026-08-22 09:16:06 [INFO] [upload_atmfoz.sh] ⏭️ [SKIP] Programação de Mesas (mesas.csv) sem alteracoes (MD5 e tamanho identicos). Envio cancelado.
2026-08-22 09:16:06 [INFO] [upload_atmfoz.sh] ⏭️ [SKIP] Configuracao (config.json) sem alteracoes (MD5 e tamanho identicos). Envio cancelado.
2026-08-22 09:16:06 [INFO] [upload_atmfoz.sh] ⏭️ [SKIP] Export CSV (categorias.csv) sem alteracoes (MD5 e tamanho identicos). Envio cancelado.
2026-08-22 09:16:06 [INFO] [upload_atmfoz.sh] ⏭️ [SKIP] Export CSV (clubes.csv) sem alteracoes (MD5 e tamanho identicos). Envio cancelado.
2026-08-22 09:16:06 [INFO] [upload_atmfoz.sh] ⏭️ [SKIP] Export CSV (eficiencia.csv) sem alteracoes (MD5 e tamanho identicos). Envio cancelado.
2026-08-22 09:16:06 [INFO] [upload_atmfoz.sh] ⏭️ [SKIP] Export CSV (inscricoes.csv) sem alteracoes (MD5 e tamanho identicos). Envio cancelado.
2026-08-22 09:16:06 [INFO] [upload_atmfoz.sh] ⏭️ [SKIP] Export CSV (mesas.csv) sem alteracoes (MD5 e tamanho identicos). Envio cancelado.
2026-08-22 09:16:06 [INFO] [upload_atmfoz.sh] ⏭️ [SKIP] Export CSV (rating_simulado.csv) sem alteracoes (MD5 e tamanho identicos). Envio cancelado.
2026-08-22 09:16:07 [INFO] [upload_atmfoz.sh] ⏭️ [SKIP] Export CSV (resultado_evento.csv) sem alteracoes (MD5 e tamanho identicos). Envio cancelado.
2026-08-22 09:16:07 [INFO] [upload_atmfoz.sh] ⏭️ [SKIP] Export CSV (telegram-grupos.csv) sem alteracoes (MD5 e tamanho identicos). Envio cancelado.
2026-08-22 09:16:07 [INFO] [upload_atmfoz.sh] ⏭️ [SKIP] Export CSV (telegram-result.csv) sem alteracoes (MD5 e tamanho identicos). Envio cancelado.
2026-08-22 09:16:07 [INFO] [upload_atmfoz.sh] 📤 Alteração detectada em Log de Automacao (Invertido) (/tmp/cbtm_automacao.log). Enviando via Rclone...
2026-08-22 09:16:11 [INFO] [RESULTADOS-ALL] 🔍 RASPANDO WEB [5997]: ABSOLUTO D MAS (7/39)
2026-08-22 09:16:27 [INFO] [upload_atmfoz.sh] ✅ Log de Automacao (Invertido) enviado e controle atualizado.
2026-08-22 09:16:27 [INFO] [upload_atmfoz.sh] ✅ Ciclo de sincronizacao concluido com sucesso!
2026-08-22 09:16:27 [INFO] [agenda_crontab.sh] ✅ Passo 6 concluido com sucesso.
2026-08-22 09:16:27 [INFO] [agenda_crontab.sh] ▶️ [7/7] Executando sincronizacao GitHub export (/home/emersonb/python/6_github-export.sh)...
-------------------------------------------------------------------------
📋 Preparando arquivos para exportação...
📄 Extraindo as últimas 1000 linhas de /home/emersonb/python/cbtm_automacao.log...
